name	x	y	z	size	matter	brain_area
LC01	85.5077116787434	75.1952238380909	53.9056396484375	n/a	grey	ctx-lh-fusiform
LC02	82.1539862881886	74.9405105172893	54.8739614590741	n/a	grey	ctx-lh-fusiform
LC03	78.8002608976338	74.6857971964876	55.8422832697107	n/a	grey	ctx-lh-fusiform
LC04	75.4465355070791	74.431083875686	56.8106050803473	n/a	grey	ctx-lh-fusiform
LC05	72.0928101165243	74.1763705548844	57.7789268909839	n/a	grey	ctx-lh-inferiortemporal
LC06	68.7390847259696	73.9216572340828	58.7472487016206	n/a	grey	ctx-lh-inferiortemporal
LC07	65.3853593354148	73.6669439132811	59.7155705122572	n/a	grey	ctx-lh-inferiortemporal
LC08	62.0316339448601	73.4122305924795	60.6838923228938	n/a	grey	ctx-lh-middletemporal
LC09	58.6779085543053	73.1575172716779	61.6522141335304	n/a	grey	ctx-lh-middletemporal
LC10	55.3241831637506	72.9028039508762	62.620535944167	n/a	grey	ctx-lh-middletemporal
LC11	51.9704577731958	72.6480906300746	63.5888577548036	n/a	grey	ctx-lh-middletemporal
LC12	48.6167323826411	72.393377309273	64.5571795654402	n/a	unknown	Unknown
LE01	93.2420775592327	105.273313373327	60.206298828125	n/a	grey	Left-Hippocampus
LE02	89.8426266624343	104.506770524049	60.5320988595504	n/a	grey	Left-Hippocampus
LE03	86.4431757656358	103.740227674771	60.8578988909758	n/a	grey	Left-Hippocampus
LE04	83.0437248688373	102.973684825493	61.1836989224011	n/a	grey	Left-Hippocampus
LE05	79.6442739720389	102.207141976215	61.5094989538265	n/a	grey	Left-Hippocampus
LE06	76.2448230752404	101.440599126937	61.8352989852519	n/a	grey	ctx-lh-fusiform
LE07	72.8453721784419	100.674056277659	62.1610990166773	n/a	grey	ctx-lh-inferiortemporal
LE08	69.4459212816435	99.9075134283807	62.4868990481027	n/a	white	Left-Cerebral-White-Matter
LE09	66.046470384845	99.1409705791026	62.8126990795281	n/a	white	Left-Cerebral-White-Matter
LE10	62.6470194880466	98.3744277298245	63.1384991109534	n/a	grey	ctx-lh-middletemporal
LE11	59.2475685912481	97.6078848805464	63.4642991423788	n/a	white	Left-Cerebral-White-Matter
LE12	55.8481176944496	96.8413420312683	63.7900991738042	n/a	white	Left-Cerebral-White-Matter
LE13	52.4486667976512	96.0747991819902	64.1158992052296	n/a	grey	ctx-lh-middletemporal
LE14	49.0492159008527	95.3082563327122	64.441699236655	n/a	grey	ctx-lh-middletemporal
LE15	45.6497650040543	94.5417134834341	64.7674992680804	n/a	unknown	Unknown
LD01	95.8201995193958	88.0858336389065	60.206298828125	n/a	grey	ctx-lh-parahippocampal
LD02	92.4404123983679	87.9629322890509	61.1073727844336	n/a	white	Left-Cerebral-White-Matter
LD03	89.06062527734	87.8400309391954	62.0084467407422	n/a	white	Left-Cerebral-White-Matter
LD04	85.6808381563121	87.7171295893398	62.9095206970508	n/a	grey	Left-Hippocampus
LD05	82.3010510352842	87.5942282394842	63.8105946533594	n/a	grey	Left-Hippocampus
LD06	78.9212639142563	87.4713268896287	64.711668609668	n/a	grey	Left-Hippocampus
LD07	75.5414767932284	87.3484255397731	65.6127425659766	n/a	white	Left-Cerebral-White-Matter
LD08	72.1616896722005	87.2255241899176	66.5138165222852	n/a	white	Left-Cerebral-White-Matter
LD09	68.7819025511726	87.102622840062	67.4148904785938	n/a	white	Left-Cerebral-White-Matter
LD10	65.4021154301447	86.9797214902064	68.3159644349024	n/a	grey	ctx-lh-superiortemporal
LD11	62.0223283091168	86.8568201403509	69.217038391211	n/a	grey	ctx-lh-superiortemporal
LD12	58.6425411880889	86.7339187904953	70.1181123475196	n/a	CSF	ctx-lh-middletemporal
LD13	55.262754067061	86.6110174406398	71.0191863038282	n/a	grey	ctx-lh-superiortemporal
LD14	51.8829669460331	86.4881160907842	71.9202602601368	n/a	grey	ctx-lh-superiortemporal
LD15	48.5031798250052	86.3652147409286	72.8213342164454	n/a	grey	ctx-lh-superiortemporal
LF01	98.8280084729195	115.58580121398	61.6064453125	n/a	grey	Left-Amygdala
LF02	95.3347996929213	115.494674028415	61.8044055494036	n/a	grey	Left-Amygdala
LF03	91.8415909129232	115.403546842849	62.0023657863072	n/a	grey	Left-Amygdala
LF04	88.3483821329251	115.312419657284	62.2003260232108	n/a	grey	Left-Amygdala
LF05	84.8551733529269	115.221292471719	62.3982862601144	n/a	grey	Left-Amygdala
LF06	81.3619645729288	115.130165286154	62.5962464970179	n/a	white	Left-Cerebral-White-Matter
LF07	77.8687557929307	115.039038100589	62.7942067339215	n/a	white	Left-Cerebral-White-Matter
LF08	74.3755470129325	114.947910915024	62.9921669708251	n/a	white	Left-Cerebral-White-Matter
LF09	70.8823382329344	114.856783729458	63.1901272077287	n/a	white	Left-Cerebral-White-Matter
LF10	67.3891294529363	114.765656543893	63.3880874446323	n/a	grey	ctx-lh-middletemporal
LF11	63.8959206729381	114.674529358328	63.5860476815359	n/a	grey	ctx-lh-middletemporal
LF12	60.40271189294	114.583402172763	63.7840079184395	n/a	white	Left-Cerebral-White-Matter
LF13	56.9095031129419	114.492274987198	63.9819681553431	n/a	grey	ctx-lh-middletemporal
LF14	53.4162943329437	114.401147801633	64.1799283922467	n/a	grey	ctx-lh-middletemporal
LF15	49.9230855529456	114.310020616067	64.3778886291502	n/a	unknown	ctx-lh-middletemporal
LB01	94.5311385393143	82.4999027252197	64.40673828125	n/a	white	Left-Cerebral-White-Matter
LB02	91.3995490051556	81.1339966518101	65.1666380036943	n/a	white	Left-Cerebral-White-Matter
LB03	88.267959470997	79.7680905784005	65.9265377261387	n/a	grey	Left-Hippocampus
LB04	85.1363699368384	78.4021845049909	66.686437448583	n/a	grey	Left-Hippocampus
LB05	82.0047804026798	77.0362784315813	67.4463371710273	n/a	CSF	Left-Lateral-Ventricle
LB06	78.8731908685212	75.6703723581717	68.2062368934716	n/a	white	Left-Cerebral-White-Matter
LB07	75.7416013343626	74.3044662847621	68.966136615916	n/a	white	Left-Cerebral-White-Matter
LB08	72.610011800204	72.9385602113525	69.7260363383603	n/a	white	Left-Cerebral-White-Matter
LB09	69.4784222660453	71.5726541379429	70.4859360608046	n/a	grey	ctx-lh-bankssts
LB10	66.3468327318867	70.2067480645332	71.245835783249	n/a	grey	ctx-lh-bankssts
LB11	63.2152431977281	68.8408419911236	72.0057355056933	n/a	grey	ctx-lh-bankssts
LB12	60.0836536635695	67.474935917714	72.7656352281376	n/a	grey	ctx-lh-bankssts
LB13	56.9520641294109	66.1090298443044	73.5255349505819	n/a	grey	ctx-lh-bankssts
LB14	53.8204745952523	64.7431237708948	74.2854346730263	n/a	grey	ctx-lh-superiortemporal
LB15	50.6888850610937	63.3772176974852	75.0453343954706	n/a	unknown	Unknown
LA01	77.773345798254	113.007679253817	65.806884765625	n/a	white	Left-Cerebral-White-Matter
LA02	78.1054475010927	110.812117996161	68.5122903217018	n/a	white	Left-Cerebral-White-Matter
LA03	78.4375492039315	108.616556738504	71.2176958777787	n/a	grey	ctx-lh-insula
LA04	78.7696509067702	106.420995480848	73.9231014338555	n/a	grey	ctx-lh-insula
LA05	79.1017526096089	104.225434223192	76.6285069899323	n/a	grey	Left-Putamen
LA06	79.4338543124477	102.029872965536	79.3339125460092	n/a	grey	Left-Cerebral-White-Matter
LA07	80.6673749229915	93.8749311513853	89.3825617542945	n/a	grey	ctx-lh-insula
LA08	80.9994766258303	91.6793698937292	92.0879673103714	n/a	grey	Left-Cerebral-White-Matter
LA09	81.331578328669	89.4838086360732	94.7933728664482	n/a	white	Left-Cerebral-White-Matter
LA10	81.6636800315077	87.2882473784172	97.498778422525	n/a	white	Left-Cerebral-White-Matter
LA11	81.9957817343464	85.0926861207611	100.204183978602	n/a	white	Left-Cerebral-White-Matter
LA12	82.3278834371852	82.897124863105	102.909589534679	n/a	white	Left-Cerebral-White-Matter
LA13	83.561404047729	74.742183048954	112.958238742964	n/a	white	Left-Cerebral-White-Matter
LA14	83.8935057505678	72.546621791298	115.663644299041	n/a	grey	ctx-lh-postcentral
LA15	84.2256074534065	70.3510605336419	118.369049855118	n/a	grey	ctx-lh-postcentral
LA16	84.5577091562452	68.1554992759858	121.074455411195	n/a	grey	ctx-lh-postcentral
LA17	84.889810859084	65.9599380183298	123.779860967271	n/a	grey	ctx-lh-postcentral
LA18	85.2219125619227	63.7643767606737	126.485266523348	n/a	grey	ctx-lh-postcentral
LL01	98.3983214795589	131.484219968319	65.806884765625	n/a	grey	ctx-lh-lateralorbitofrontal
LL02	95.6808123846241	133.23629820058	67.1467975191224	n/a	grey	ctx-lh-lateralorbitofrontal
LL03	92.9633032896893	134.98837643284	68.4867102726199	n/a	grey	Left-Cerebral-White-Matter
LL04	90.2457941947545	136.740454665101	69.8266230261173	n/a	grey	ctx-lh-lateralorbitofrontal
LL05	87.5282850998197	138.492532897361	71.1665357796148	n/a	white	Left-Cerebral-White-Matter
LL06	84.8107760048849	140.244611129622	72.5064485331122	n/a	white	Left-Cerebral-White-Matter
LL07	82.09326690995	141.996689361883	73.8463612866097	n/a	grey	ctx-lh-lateralorbitofrontal
LL08	79.3757578150152	143.748767594143	75.1862740401072	n/a	grey	ctx-lh-lateralorbitofrontal
LL09	76.6582487200804	145.500845826404	76.5261867936046	n/a	grey	ctx-lh-parsorbitalis
LL10	73.9407396251456	147.252924058664	77.8660995471021	n/a	grey	ctx-lh-parsorbitalis
LL11	71.2232305302108	149.005002290925	79.2060123005995	n/a	grey	ctx-lh-parsorbitalis
LL12	68.505721435276	150.757080523186	80.545925054097	n/a	grey	Left-Cerebral-White-Matter
LL13	65.7882123403412	152.509158755446	81.8858378075944	n/a	grey	ctx-lh-parsorbitalis
LL14	63.0707032454063	154.261236987707	83.2257505610919	n/a	CSF	Unknown
LL15	60.3531941504715	156.013315219967	84.5656633145893	n/a	unknown	Unknown
LG01	82.9295897185802	89.8045816123486	86.80908203125	n/a	grey	Left-Cerebral-White-Matter
LG02	80.2131614095152	90.3478672741616	88.9482075374741	n/a	grey	ctx-lh-insula
LG03	77.4967331004502	90.8911529359746	91.0873330436982	n/a	grey	ctx-lh-insula
LG04	74.7803047913852	91.4344385977876	93.2264585499224	n/a	white	Left-Cerebral-White-Matter
LG05	72.0638764823202	91.9777242596006	95.3655840561465	n/a	white	Left-Cerebral-White-Matter
LG06	69.3474481732552	92.5210099214136	97.5047095623706	n/a	white	Left-Cerebral-White-Matter
LG07	66.6310198641902	93.0642955832266	99.6438350685947	n/a	white	Left-Cerebral-White-Matter
LG08	63.9145915551252	93.6075812450396	101.782960574819	n/a	white	Left-Cerebral-White-Matter
LG09	61.1981632460601	94.1508669068526	103.922086081043	n/a	white	Left-Cerebral-White-Matter
LG10	58.4817349369951	94.6941525686656	106.061211587267	n/a	grey	ctx-lh-postcentral
LS01	110.429557293653	144.804516762495	90.3094482421875	n/a	grey	ctx-lh-rostralanteriorcingulate
LS02	108.741228310603	146.286951967125	92.9930896319907	n/a	grey	Left-Cerebral-White-Matter
LS03	107.052899327552	147.769387171755	95.6767310217939	n/a	grey	ctx-lh-rostralanteriorcingulate
LS04	105.364570344501	149.251822376385	98.3603724115971	n/a	grey	ctx-lh-rostralanteriorcingulate
LS05	103.676241361451	150.734257581015	101.0440138014	n/a	white	Left-Cerebral-White-Matter
LS06	101.9879123784	152.216692785645	103.727655191203	n/a	white	Left-Cerebral-White-Matter
LS07	100.299583395349	153.699127990274	106.411296581007	n/a	white	Left-Cerebral-White-Matter
LS08	98.6112544122985	155.181563194904	109.09493797081	n/a	white	Left-Cerebral-White-Matter
LS09	96.9229254292477	156.663998399534	111.778579360613	n/a	grey	ctx-lh-rostralmiddlefrontal
LS10	95.234596446197	158.146433604164	114.462220750416	n/a	grey	ctx-lh-rostralmiddlefrontal
LS11	93.5462674631463	159.628868808794	117.145862140219	n/a	grey	ctx-lh-rostralmiddlefrontal
LS12	91.8579384800956	161.111304013424	119.829503530023	n/a	CSF	Unknown
LI01	81.2108417451382	106.132687360048	89.609375	n/a	white	Left-Cerebral-White-Matter
LI02	77.9692849559126	107.011753607974	90.5940333742517	n/a	grey	ctx-lh-insula
LI03	74.7277281666871	107.890819855899	91.5786917485034	n/a	grey	Unknown
LI04	71.4861713774616	108.769886103825	92.5633501227551	n/a	grey	ctx-lh-precentral
LI05	68.2446145882361	109.648952351751	93.5480084970067	n/a	white	Left-Cerebral-White-Matter
LI06	65.0030577990105	110.528018599676	94.5326668712584	n/a	white	Left-Cerebral-White-Matter
LI07	61.761501009785	111.407084847602	95.5173252455101	n/a	white	Left-Cerebral-White-Matter
LI08	58.5199442205595	112.286151095527	96.5019836197617	n/a	grey	ctx-lh-precentral
LI09	55.2783874313339	113.165217343453	97.4866419940134	n/a	grey	ctx-lh-precentral
LI10	52.0368306421084	114.044283591378	98.4713003682651	n/a	unknown	Unknown
LJ01	85.5077116787434	122.890480101109	91.7095947265625	n/a	grey	ctx-lh-insula
LJ02	82.3653426656259	123.811519294608	92.945395596216	n/a	grey	ctx-lh-parsopercularis
LJ03	79.2229736525085	124.732558488108	94.1811964658696	n/a	white	Left-Cerebral-White-Matter
LJ04	76.0806046393911	125.653597681608	95.4169973355231	n/a	white	Left-Cerebral-White-Matter
LJ05	72.9382356262737	126.574636875108	96.6527982051767	n/a	white	Left-Cerebral-White-Matter
LJ06	69.7958666131562	127.495676068608	97.8885990748302	n/a	grey	ctx-lh-parsopercularis
LJ07	66.6534976000388	128.416715262108	99.1243999444837	n/a	grey	ctx-lh-parsopercularis
LJ08	63.5111285869214	129.337754455608	100.360200814137	n/a	grey	ctx-lh-parsopercularis
LJ09	60.368759573804	130.258793649108	101.596001683791	n/a	CSF	ctx-lh-parsopercularis
LJ10	57.2263905606866	131.179832842608	102.831802553444	n/a	unknown	Unknown
LK01	110.429557293653	116.445175200701	104.310913085938	n/a	grey	ctx-lh-caudalanteriorcingulate
LK02	107.452409156828	118.015539053092	105.270364149047	n/a	grey	ctx-lh-caudalanteriorcingulate
LK03	104.475261020003	119.585902905483	106.229815212157	n/a	white	Left-Cerebral-White-Matter
LK04	101.498112883178	121.156266757874	107.189266275266	n/a	white	Left-Cerebral-White-Matter
LK05	98.5209647463533	122.726630610266	108.148717338376	n/a	white	Left-Cerebral-White-Matter
LK06	95.5438166095282	124.296994462657	109.108168401485	n/a	white	Left-Cerebral-White-Matter
LK07	92.5666684727031	125.867358315048	110.067619464595	n/a	white	Left-Cerebral-White-Matter
LK08	89.5895203358781	127.437722167439	111.027070527704	n/a	white	Left-Cerebral-White-Matter
LK09	86.612372199053	129.008086019831	111.986521590814	n/a	white	Left-Cerebral-White-Matter
LK10	83.635224062228	130.578449872222	112.945972653923	n/a	white	Left-Cerebral-White-Matter
LK11	80.6580759254029	132.148813724613	113.905423717033	n/a	grey	ctx-lh-rostralmiddlefrontal
LK12	77.6809277885779	133.719177577004	114.864874780143	n/a	grey	ctx-lh-rostralmiddlefrontal
LK13	74.7037796517528	135.289541429396	115.824325843252	n/a	grey	ctx-lh-rostralmiddlefrontal
LK14	71.7266315149277	136.859905281787	116.783776906362	n/a	CSF	ctx-lh-rostralmiddlefrontal
LK15	68.7494833781027	138.430269134178	117.743227969471	n/a	unknown	Unknown
LH01	110.429557293653	104.413939386606	104.310913085938	n/a	white	Left-Cerebral-White-Matter
LH02	107.183975441069	104.900776664494	105.527131776402	n/a	white	Left-Cerebral-White-Matter
LH03	103.938393588485	105.387613942382	106.743350466866	n/a	white	Left-Cerebral-White-Matter
LH04	100.692811735901	105.874451220269	107.95956915733	n/a	white	Left-Cerebral-White-Matter
LH05	97.4472298833163	106.361288498157	109.175787847794	n/a	white	Left-Cerebral-White-Matter
LH06	94.201648030732	106.848125776044	110.392006538258	n/a	white	Left-Cerebral-White-Matter
LH07	90.9560661781477	107.334963053932	111.608225228723	n/a	white	Left-Cerebral-White-Matter
LH08	87.7104843255634	107.82180033182	112.824443919187	n/a	white	Left-Cerebral-White-Matter
LH09	84.4649024729791	108.308637609707	114.040662609651	n/a	white	Left-Cerebral-White-Matter
LH10	81.2193206203948	108.795474887595	115.256881300115	n/a	white	Left-Cerebral-White-Matter
LH11	77.9737387678105	109.282312165483	116.473099990579	n/a	grey	ctx-lh-caudalmiddlefrontal
LH12	74.7281569152262	109.76914944337	117.689318681044	n/a	grey	ctx-lh-caudalmiddlefrontal
LH13	71.482575062642	110.255986721258	118.905537371508	n/a	grey	ctx-lh-caudalmiddlefrontal
LH14	68.2369932100576	110.742823999146	120.121756061972	n/a	grey	ctx-lh-caudalmiddlefrontal
LH15	64.9914113574734	111.229661277033	121.337974752436	n/a	CSF	Unknown
LQ01	56.288996130228	64.4530490040779	102.910766601563	n/a	CSF	Unknown
LQ02	53.2674147219673	63.988190325884	104.614865249693	n/a	unknown	Unknown
LQ03	50.2458333137067	63.52333164769	106.318963897824	n/a	unknown	Unknown
LQ04	47.224251905446	63.0584729694961	108.023062545955	n/a	unknown	Unknown
LQ05	44.2026704971853	62.5936142913021	109.727161194086	n/a	unknown	Unknown
LO01	85.5077116787434	91.5233295857906	105.010986328125	n/a	white	Left-Cerebral-White-Matter
LO02	83.3395241490392	91.5233295857906	107.758523923143	n/a	white	Left-Cerebral-White-Matter
LO03	81.1713366193351	91.5233295857906	110.50606151816	n/a	white	Left-Cerebral-White-Matter
LO04	79.003149089631	91.5233295857906	113.253599113178	n/a	white	Left-Cerebral-White-Matter
LO05	76.8349615599269	91.5233295857906	116.001136708196	n/a	white	Left-Cerebral-White-Matter
LO06	74.6667740302228	91.5233295857906	118.748674303213	n/a	white	Left-Cerebral-White-Matter
LO07	72.4985865005187	91.5233295857906	121.496211898231	n/a	grey	ctx-lh-precentral
LO08	70.3303989708145	91.5233295857906	124.243749493249	n/a	CSF	ctx-lh-precentral
LN01	107.42174834013	69.6092929244041	112.01171875	n/a	grey	ctx-lh-precuneus
LN02	105.904626116251	69.6616074838483	115.165383815393	n/a	CSF	Unknown
LN03	104.387503892372	69.7139220432924	118.319048880787	n/a	grey	ctx-lh-paracentral
LN04	102.870381668492	69.7662366027365	121.47271394618	n/a	grey	ctx-lh-paracentral
LN05	101.353259444613	69.8185511621806	124.626379011573	n/a	white	Left-Cerebral-White-Matter
LN06	99.8361372207342	69.8708657216247	127.780044076967	n/a	white	Left-Cerebral-White-Matter
LN07	98.319014996855	69.9231802810688	130.93370914236	n/a	white	Left-Cerebral-White-Matter
LN08	96.8018927729759	69.9754948405129	134.087374207753	n/a	grey	ctx-lh-postcentral
LN09	95.2847705490968	70.027809399957	137.241039273146	n/a	grey	ctx-lh-postcentral
LN10	93.7676483252176	70.0801239594011	140.39470433854	n/a	unknown	Unknown
LM01	101.406130433083	82.9295897185802	106.4111328125	n/a	grey	ctx-lh-posteriorcingulate
LM02	99.1283070480441	82.7436449524547	109.061971391237	n/a	grey	ctx-lh-paracentral
LM03	96.8504836630056	82.5577001863291	111.712809969975	n/a	white	Left-Cerebral-White-Matter
LM04	94.5726602779671	82.3717554202035	114.363648548712	n/a	white	Left-Cerebral-White-Matter
LM05	92.2948368929286	82.1858106540779	117.014487127449	n/a	white	Left-Cerebral-White-Matter
LM06	90.0170135078901	81.9998658879523	119.665325706187	n/a	white	Left-Cerebral-White-Matter
LM07	87.7391901228516	81.8139211218267	122.316164284924	n/a	white	Left-Cerebral-White-Matter
LM08	85.4613667378131	81.6279763557011	124.967002863661	n/a	white	Left-Cerebral-White-Matter
LM09	83.1835433527745	81.4420315895755	127.617841442399	n/a	white	Left-Cerebral-White-Matter
LM10	80.905719967736	81.2560868234499	130.268680021136	n/a	grey	ctx-lh-precentral
LR01	108.710809320211	126.327976047993	109.911499023438	n/a	grey	ctx-lh-caudalanteriorcingulate
LR02	107.331460048998	126.787759138397	113.095206782919	n/a	grey	ctx-lh-superiorfrontal
LR03	105.952110777785	127.247542228801	116.2789145424	n/a	white	Left-Cerebral-White-Matter
LR04	104.572761506572	127.707325319206	119.462622301882	n/a	grey	ctx-lh-superiorfrontal
LR05	103.193412235359	128.16710840961	122.646330061363	n/a	white	Left-Cerebral-White-Matter
LR06	101.814062964146	128.626891500015	125.830037820844	n/a	grey	Left-Cerebral-White-Matter
LR07	100.434713692933	129.086674590419	129.013745580326	n/a	grey	ctx-lh-superiorfrontal
LR08	99.0553644217195	129.546457680823	132.197453339807	n/a	grey	ctx-lh-superiorfrontal
LP01	106.132687360048	98.8280084729195	109.911499023438	n/a	white	Left-Cerebral-White-Matter
LP02	104.202731138461	98.8280084729195	112.831305349678	n/a	grey	ctx-lh-superiorfrontal
LP03	102.272774916874	98.8280084729195	115.751111675919	n/a	grey	Left-Cerebral-White-Matter
LP04	100.342818695287	98.8280084729195	118.67091800216	n/a	white	Left-Cerebral-White-Matter
LP05	98.4128624736992	98.8280084729195	121.590724328401	n/a	white	Left-Cerebral-White-Matter
LP06	96.482906252112	98.8280084729195	124.510530654642	n/a	white	Left-Cerebral-White-Matter
LP07	94.5529500305247	98.8280084729195	127.430336980883	n/a	grey	ctx-lh-superiorfrontal
LP08	92.6229938089375	98.8280084729195	130.350143307124	n/a	grey	ctx-lh-superiorfrontal
LP09	90.6930375873502	98.8280084729195	133.269949633365	n/a	grey	ctx-lh-superiorfrontal
LP10	88.7630813657629	98.8280084729195	136.189755959606	n/a	grey	ctx-lh-superiorfrontal
