label	mm_x	mm_y	mm_z	surfmm_x	surfmm_y	surfmm_z	vox_x	vox_y	vox_z	roi	roiNum
RA01	20.0687	5.83802	21.7609	17.0	-2.0	9.0	111	119	126	Right-Amygdala	54.0
RA02	25.6322	6.45504	21.3323	23.0	-1.0	8.0	105	120	127	Right-Amygdala	54.0
RA03	30.4106	7.49462	21.1989	27.0	0.0	8.0	101	120	128	Right-Amygdala	54.0
RA04	35.1891	8.53419	21.0655	32.0	1.0	8.0	96	120	129	white-matter	
RA05	39.9675	9.57376	20.932	37.0	2.0	8.0	91	120	130	ctx-rh-superiortemporal	2030.0
RA06	45.1627	10.5627	20.7841	42.0	3.0	8.0	86	120	131	ctx-rh-superiortemporal	2030.0
RA07	49.9911	12.235	19.8779	47.0	5.0	7.0	81	121	133	ctx-rh-superiortemporal	2030.0
RA08	55.2346	13.5452	19.9962	52.0	6.0	7.0	76	121	134	ctx-rh-superiortemporal	2030.0
RA09	60.3814	14.2129	19.5821	57.0	7.0	7.0	71	121	135	outside-brain	
RA10	64.2782	15.0324	19.2115	61.0	8.0	6.0	67	122	136	outside-brain	
RA11	69.5216	16.3426	19.3298	67.0	9.0	6.0	61	122	137	outside-brain	
RA12	73.505	17.8059	19.4918	71.0	10.0	7.0	57	121	138	outside-brain	
RB01	26.1348	-2.39243	18.003	23.0	-10.0	5.0	105	123	118	Right-Hippocampus	53.0
RB02	30.2534	-3.22004	17.5921	27.0	-11.0	5.0	101	123	117	Right-Hippocampus	53.0
RB03	35.6203	-4.511	18.1767	33.0	-12.0	5.0	95	123	116	Right-Hippocampus	53.0
RB04	40.5222	-6.0726	18.5096	38.0	-14.0	6.0	90	122	114	white-matter	
RB05	45.1057	-6.62958	18.3504	42.0	-14.0	5.0	86	123	114	ctx-rh-middletemporal	2015.0
RB06	49.9593	-8.51245	18.4172	47.0	-16.0	6.0	81	122	112	ctx-rh-middletemporal	2015.0
RB07	54.9095	-9.75278	19.0162	52.0	-17.0	6.0	76	122	111	ctx-rh-middletemporal	2015.0
RB08	59.4448	-10.631	18.5909	57.0	-18.0	6.0	71	122	110	ctx-rh-middletemporal	2015.0
RB09	64.7634	-12.2433	18.9093	62.0	-20.0	6.0	66	122	108	ctx-rh-middletemporal	2015.0
RB10	69.2887	-13.1203	18.4843	66.0	-21.0	6.0	62	122	107	outside-brain	
RB11	74.1906	-14.6819	18.8172	71.0	-22.0	6.0	57	122	106	outside-brain	
RB12	79.5575	-15.9729	19.4018	77.0	-23.0	6.0	51	122	105	outside-brain	
RC01	24.0946	-10.4954	24.177	21.0	-18.0	11.0	107	117	110	Right-Hippocampus	53.0
RC02	28.0165	-13.231	24.7792	25.0	-21.0	12.0	103	116	107	Right-Hippocampus	53.0
RC03	32.7718	-16.0678	25.3526	30.0	-24.0	12.0	98	116	104	Right-Hippocampus	53.0
RC04	37.0621	-19.1753	25.6742	34.0	-27.0	13.0	94	115	101	white-matter	
RC05	41.4007	-21.9616	26.262	38.0	-29.0	13.0	90	115	99	ctx-rh-bankssts	2001.0
RC06	45.421	-23.7432	26.3577	42.0	-31.0	13.0	86	115	97	white-matter	
RC07	49.8078	-26.2081	27.2116	47.0	-34.0	14.0	81	114	94	ctx-rh-middletemporal	2015.0
RC08	54.0982	-29.3156	27.5333	51.0	-37.0	15.0	77	113	91	ctx-rh-middletemporal	2015.0
RC09	58.1166	-31.4087	28.6679	55.0	-39.0	16.0	73	112	89	ctx-rh-middletemporal	2015.0
RC10	62.9202	-33.9243	29.5074	60.0	-41.0	17.0	68	111	87	outside-brain	
RC11	66.1071	-35.6046	29.632	63.0	-43.0	17.0	65	111	85	outside-brain	
RC12	70.0191	-38.339	30.2346	67.0	-46.0	17.0	61	111	82	outside-brain	
RE01	22.9351	5.02316	9.63282	20.0	-2.0	-3.0	108	131	126	Right-Hippocampus	53.0
RE02	28.1285	5.70066	10.5239	25.0	-2.0	-2.0	103	130	126	Right-Hippocampus	53.0
RE03	33.1287	5.09305	10.3502	30.0	-2.0	-3.0	98	131	126	ctx-rh-fusiform	2007.0
RE04	38.2255	5.12799	10.7089	35.0	-2.0	-2.0	93	130	126	white-matter	
RE05	43.3223	5.16294	11.0676	40.0	-2.0	-2.0	88	130	126	ctx-rh-inferiortemporal	2009.0
RE06	47.9041	4.29452	11.9473	45.0	-3.0	-1.0	83	129	125	ctx-rh-middletemporal	2015.0
RE07	53.0009	4.32947	12.306	50.0	-3.0	-1.0	78	129	125	ctx-rh-middletemporal	2015.0
RE08	58.0494	4.04314	12.3985	55.0	-3.0	-1.0	73	129	125	ctx-rh-middletemporal	2015.0
RE09	62.7778	4.44999	13.0378	60.0	-3.0	0.0	68	128	125	ctx-rh-middletemporal	2015.0
RE10	67.8263	4.16366	13.1304	65.0	-3.0	0.0	63	128	125	outside-brain	
RE11	72.9132	4.19981	13.4894	70.0	-3.0	1.0	58	127	125	outside-brain	
RE12	77.1284	4.01474	13.6108	74.0	-3.0	1.0	54	127	125	outside-brain	
RF01	33.3994	-19.462	18.732	30.0	-27.0	6.0	98	122	101	ctx-rh-fusiform	2007.0
RF02	38.3997	-20.0696	18.5583	35.0	-28.0	6.0	93	122	100	ctx-rh-fusiform	2007.0
RF03	43.3499	-21.3099	19.1574	40.0	-29.0	6.0	88	122	99	ctx-rh-inferiortemporal	2009.0
RF04	48.3501	-21.9175	18.9838	45.0	-29.0	6.0	83	122	99	ctx-rh-inferiortemporal	2009.0
RF05	53.3003	-23.1578	19.5829	50.0	-31.0	7.0	78	121	97	ctx-rh-middletemporal	2015.0
RF06	57.7855	-24.6688	19.9302	55.0	-32.0	7.0	73	121	96	ctx-rh-middletemporal	2015.0
RF07	63.1058	-25.9696	19.2097	60.0	-33.0	6.0	68	122	95	outside-brain	
RF08	67.2709	-26.7874	20.104	64.0	-34.0	7.0	64	121	94	outside-brain	
RF09	72.2595	-27.7052	20.9696	69.0	-35.0	8.0	59	120	93	outside-brain	
RF10	77.2114	-28.6341	20.5297	74.0	-36.0	8.0	54	120	92	outside-brain	
RF11	80.9115	-29.7225	21.1722	78.0	-37.0	8.0	50	120	91	outside-brain	
RF12	77.1284	4.01474	13.6108	74.0	-3.0	1.0	54	127	125	outside-brain	
RI01	26.5881	27.154	0.814344	24.0	20.0	-12.0	104	140	148	ctx-rh-temporalpole	2033.0
RI02	31.1699	26.2856	1.69409	28.0	19.0	-11.0	100	139	147	ctx-rh-middletemporal	2015.0
RI03	35.85	26.3712	2.06725	33.0	19.0	-11.0	95	139	147	ctx-rh-middletemporal	2015.0
RI04	40.8485	25.4521	2.93252	38.0	18.0	-10.0	90	138	146	ctx-rh-middletemporal	2015.0
RI05	45.9936	25.8084	3.55738	43.0	18.0	-9.0	85	137	146	ctx-rh-middletemporal	2015.0
RI06	50.5754	24.94	4.43713	48.0	17.0	-8.0	80	136	145	ctx-rh-middletemporal	2015.0
RI07	55.6722	24.9749	4.79582	53.0	18.0	-8.0	75	136	146	outside-brain	
RI08	60.3505	24.749	6.20792	57.0	17.0	-7.0	71	135	145	outside-brain	
RI09	65.399	24.4627	6.30043	62.0	17.0	-7.0	66	135	145	outside-brain	
RI10	70.1257	24.5581	7.9787	67.0	17.0	-5.0	61	133	145	outside-brain	
RI11	74.2826	24.053	7.83432	71.0	17.0	-5.0	57	133	145	outside-brain	
RI12	77.1028	23.056	7.20066	74.0	16.0	-6.0	54	134	144	outside-brain	
RP01	5.79491	-35.709	60.5801	3.0	-43.0	48.0	125	80	85	ctx-rh-precuneus	2025.0
RP02	10.2801	-37.22	60.9275	7.0	-45.0	48.0	121	80	83	ctx-rh-precuneus	2025.0
RP03	14.7554	-38.7297	61.2753	12.0	-46.0	48.0	116	80	82	ctx-rh-precuneus	2025.0
RP04	19.7056	-39.97	61.8744	17.0	-47.0	49.0	111	79	81	ctx-rh-precuneus	2025.0
RP05	24.5592	-41.8529	61.9411	22.0	-49.0	49.0	106	79	79	ctx-rh-superiorparietal	2029.0
RP06	29.0927	-43.0426	62.5547	26.0	-50.0	50.0	102	78	78	white-matter	
RP07	33.5779	-44.5536	62.902	31.0	-52.0	50.0	97	78	76	ctx-rh-inferiorparietal	2008.0
RP08	38.4798	-46.1152	63.235	36.0	-54.0	50.0	92	78	74	ctx-rh-inferiorparietal	2008.0
RP09	43.7484	-48.3601	64.3262	41.0	-56.0	51.0	87	77	72	ctx-rh-inferiorparietal	2008.0
RP10	48.2336	-49.8711	64.6736	45.0	-57.0	52.0	83	76	71	ctx-rh-inferiorparietal	2008.0
RP11	52.3021	-51.3314	65.0354	49.0	-59.0	52.0	79	76	69	outside-brain	
RP12	58.0857	-52.673	65.6056	55.0	-60.0	53.0	73	75	68	outside-brain	
RQ01	33.2308	29.3822	38.0083	30.0	22.0	25.0	98	103	150	ctx-rh-insula	2035.0
RQ02	37.688	31.1073	38.4154	35.0	24.0	26.0	93	102	152	ctx-rh-parstriangularis	2020.0
RQ03	42.098	32.5187	38.5626	39.0	25.0	26.0	89	102	153	ctx-rh-parstriangularis	2020.0
RQ04	47.3897	34.1502	38.9471	44.0	27.0	26.0	84	102	155	ctx-rh-parstriangularis	2020.0
RQ05	52.3148	36.4651	38.5732	49.0	29.0	26.0	79	102	157	ctx-rh-parstriangularis	2020.0
RQ06	56.7248	37.8766	38.7205	54.0	30.0	26.0	74	102	158	ctx-rh-parstriangularis	2020.0
RQ07	60.7164	39.0272	39.9211	58.0	32.0	27.0	70	101	160	outside-brain	
RQ08	65.2248	41.3927	39.5617	62.0	34.0	27.0	66	101	162	outside-brain	
RQ09	69.6831	43.1255	39.9751	67.0	36.0	27.0	61	101	164	outside-brain	
RQ10	73.7248	44.9088	40.403	71.0	37.0	27.0	57	101	165	outside-brain	
RQ11	55.8001	6.46908	85.4121	53.0	-1.0	72.0	75	56	127	outside-brain	
RQ12	60.06	5.98241	87.8777	57.0	-1.0	75.0	71	53	127	outside-brain	
RS01	33.1386	-1.60968	46.2726	30.0	-9.0	33.0	98	95	119	ctx-rh-insula	2035.0
RS02	38.1853	-2.20746	47.404	35.0	-10.0	34.0	93	94	118	ctx-rh-supramarginal	2031.0
RS03	42.8154	-2.75459	48.55	40.0	-10.0	36.0	88	92	118	ctx-rh-supramarginal	2031.0
RS04	48.2788	-3.403	49.6669	45.0	-11.0	37.0	83	91	117	ctx-rh-supramarginal	2031.0
RS05	52.5423	-3.26679	50.0546	50.0	-11.0	37.0	78	91	117	ctx-rh-postcentral	2022.0
RS06	57.589	-3.86456	51.186	55.0	-11.0	38.0	73	90	117	ctx-rh-supramarginal	2031.0
RS07	62.6358	-4.46234	52.3175	60.0	-12.0	39.0	68	89	116	ctx-rh-postcentral	2022.0
RS08	67.2176	-5.33075	53.1972	64.0	-13.0	40.0	64	88	115	outside-brain	
RS09	72.3044	-5.2946	53.5562	69.0	-13.0	41.0	59	87	115	outside-brain	
RS10	76.9345	-5.84174	54.7022	74.0	-13.0	42.0	54	86	115	outside-brain	
RS11	81.0996	-6.65952	55.5964	78.0	-14.0	43.0	50	85	114	outside-brain	
RT01	37.097	17.6811	19.6198	34.0	10.0	7.0	94	121	138	ctx-rh-insula	2035.0
RT02	41.5088	19.404	18.7281	39.0	12.0	6.0	89	122	140	ctx-rh-superiortemporal	2030.0
RT03	46.3356	20.7648	18.8609	43.0	13.0	6.0	85	122	141	ctx-rh-superiortemporal	2030.0
RT04	51.5807	22.3865	17.9402	49.0	15.0	5.0	79	123	143	ctx-rh-superiortemporal	2030.0
RT05	56.4575	24.3801	17.3002	54.0	17.0	4.0	74	124	145	ctx-rh-superiortemporal	2030.0
RT06	60.7692	24.8375	17.954	58.0	17.0	5.0	70	123	145	outside-brain	
RT07	64.7161	26.2898	16.8106	62.0	19.0	4.0	66	124	147	outside-brain	
RT08	69.0778	27.38	16.6916	66.0	20.0	4.0	62	124	148	outside-brain	
RT09	72.1412	28.3009	16.3499	69.0	21.0	3.0	59	125	149	outside-brain	
RT10	74.778	29.2735	16.023	72.0	22.0	3.0	56	125	150	outside-brain	
RU01	36.3073	-6.05984	31.1876	33.0	-14.0	18.0	95	110	114	ctx-rh-insula	2035.0
RU02	41.4506	-6.01506	32.8515	39.0	-13.0	20.0	89	108	115	ctx-rh-superiortemporal	2030.0
RU03	46.129	-6.24092	34.2636	43.0	-14.0	21.0	85	107	114	ctx-rh-superiortemporal	2030.0
RU04	50.489	-5.46216	35.1835	48.0	-13.0	22.0	80	106	115	ctx-rh-superiortemporal	2030.0
RU05	55.584	-5.73866	36.5812	53.0	-13.0	24.0	75	104	115	ctx-rh-superiortemporal	2030.0
RU06	60.3124	-5.3318	37.2205	57.0	-13.0	24.0	71	104	115	ctx-rh-superiortemporal	2030.0
RU07	65.0873	-4.91512	39.165	62.0	-12.0	26.0	66	102	116	ctx-rh-superiortemporal	2030.0
RU08	69.7174	-5.46225	40.3109	67.0	-13.0	27.0	61	101	115	outside-brain	
RU09	74.9009	-4.78355	41.2023	72.0	-12.0	28.0	56	100	116	outside-brain	
RU10	79.1625	-4.95878	42.6288	76.0	-12.0	30.0	52	98	116	outside-brain	
RU11	83.5208	-4.49146	44.5878	81.0	-12.0	32.0	47	96	116	outside-brain	
RX01	8.33388	-14.0196	57.7983	5.0	-21.0	45.0	123	83	107	ctx-rh-isthmuscingulate	2010.0
RX02	12.1288	-14.7769	60.0121	9.0	-22.0	47.0	119	81	106	white-matter	
RX03	16.3788	-15.2624	62.478	13.0	-23.0	50.0	115	78	105	white-matter	
RX04	20.6387	-15.749	64.9435	18.0	-23.0	52.0	110	76	105	white-matter	
RX05	24.4336	-16.5064	67.1573	22.0	-24.0	54.0	106	74	104	white-matter	
RX06	28.2268	-17.5751	70.4101	25.0	-25.0	57.0	103	71	103	white-matter	
RX07	32.9034	-18.1124	72.8611	30.0	-26.0	60.0	98	68	102	ctx-rh-postcentral	2022.0
RX08	36.6966	-19.1812	76.1139	34.0	-27.0	63.0	94	65	101	ctx-rh-postcentral	2022.0
RX09	41.3732	-19.7185	78.5649	38.0	-27.0	66.0	90	62	101	ctx-rh-postcentral	2022.0
RX10	45.2164	-20.1545	81.0449	42.0	-28.0	68.0	86	60	100	ctx-rh-postcentral	2022.0
RX11	49.0096	-21.2233	84.2976	46.0	-29.0	71.0	82	57	99	ctx-rh-postcentral	2022.0
RX12	52.8528	-21.6593	86.7776	50.0	-29.0	74.0	78	54	99	outside-brain	
RZ01	9.50314	10.8734	65.3152	7.0	3.0	52.0	121	76	131	ctx-rh-posteriorcingulate	2023.0
RZ02	14.1303	10.0072	67.4937	11.0	3.0	55.0	117	73	131	white-matter	
RZ03	18.8569	10.1026	69.172	16.0	3.0	56.0	112	72	131	white-matter	
RZ04	23.0586	9.29589	71.3717	20.0	2.0	58.0	108	70	130	white-matter	
RZ05	28.1537	9.01939	72.7693	25.0	2.0	60.0	103	68	130	white-matter	
RZ06	32.8786	8.80336	75.4865	30.0	1.0	63.0	98	65	129	white-matter	
RZ07	37.0902	7.99542	77.6859	34.0	1.0	65.0	94	63	129	ctx-rh-caudalmiddlefrontal	2003.0
RZ08	41.8168	8.09083	79.3641	39.0	1.0	66.0	89	62	129	ctx-rh-precentral	2024.0
RZ09	46.0284	7.28288	81.5635	43.0	0.0	69.0	85	59	128	ctx-rh-precentral	2024.0
RZ10	51.1235	7.00639	82.9611	48.0	0.0	70.0	80	58	128	ctx-rh-precentral	2024.0
RZ11	55.8001	6.46908	85.4121	53.0	-1.0	72.0	75	56	127	outside-brain	
RZ12	60.06	5.98241	87.8777	57.0	-1.0	75.0	71	53	127	outside-brain	
