patient	iEEG_ID	approximate_onset	end	clinician	stim	stim_channels	stim_frequency	stim_amplitude	stim_pulse_width	ueo_time	ueo_time_consensus	ueo	ueo_consensus	sec	sec_consensus	semiology	run	lvfa
CHOP005	CHOP005	68881.53	68944.57	"['Clin 1', 'Clin 4', 'Clin 3']"	Stim. Induced	LL1-LL2	1	3	300	"[68881.44, 68881.52, 68881.26]"	68881.44	"[['LK02', 'LK03', 'LK04', 'LL03'], ['LK01', 'LK02', 'LK03', 'LK04'], ['LK01', 'LK02', 'LK03', 'LK04', 'LK05']]"	"['LK01', 'LK02', 'LK03', 'LK04']"	"[['LF08', 'LG01', 'LH02', 'LK02', 'LK03', 'LK04', 'LL03'], ['LG10', 'LG05', 'LG06', 'LG07', 'LG08', 'LG09', 'LH01', 'LH02', 'LK01', 'LK02', 'LK03', 'LK04', 'LL01', 'LL02', 'LL03'], ['LH01', 'LH02', 'LH03', 'LK01', 'LK02', 'LK03', 'LK04', 'LK05', 'LL03', 'LL04']]"	"['LH01', 'LH02', 'LK01', 'LK02', 'LK03', 'LK04', 'LL03']"	Typical	0	no
CHOP010	CHOPCCEP_010	2230.26	2267.78	"['Clin 5', 'Clin 2', 'Clin 3']"	Stim. Induced	RK2-RK3	1	3	300	"[2232.773277, 2232.6, 2232.77]"	2232.77	"[['RG01', 'RG02', 'RG03', 'RH02', 'RH03', 'RH04', 'RH05', 'RI02', 'RI03'], ['RH02'], ['RH01', 'RH03', 'RH04', 'RH05', 'RH06', 'RI01', 'RI02', 'RI03', 'RI04']]"	"['RH02', 'RH03', 'RH04', 'RH05', 'RI02', 'RI03']"	"[['RG01', 'RG02', 'RG03', 'RG04', 'RH02', 'RH03', 'RH04', 'RH05', 'RI02', 'RI03'], ['RG01'], ['RG01', 'RG02', 'RG03', 'RG04', 'RH01', 'RH03', 'RH04', 'RH05', 'RH06', 'RI01', 'RI02', 'RI03', 'RI04']]"	"['RG01', 'RG02', 'RG03', 'RG04', 'RH03', 'RH04', 'RH05', 'RI02', 'RI03']"	Atypical	0	no
CHOP024	CHOPCCEP_024	87579.25	87591.61	"['Clin 1', 'Clin 5', 'Clin 4']"	Stim. Induced	LF3-LF4	1	4	300	"[87577.58, 87577.59034, 87576.74]"	87577.58	"[['LE10', 'LF03', 'LF04'], ['LD02', 'LD03', 'LD04', 'LE10', 'LF01', 'LF02', 'LF03', 'LF04', 'LF05'], ['LF02', 'LF05']]"	"['LE10', 'LF02', 'LF03', 'LF04', 'LF05']"	"[[], [], []]"	[]	Typical	0	yes
CHOP026	CHOPCCEP_026	4838.94	4876.84	"['Clin 5', 'Clin 2', 'Clin 4']"	Stim. Induced	LN1-LN2	1	3	500	"[4841.484932, 4838.7, 4841.66]"	4841.484932	"[['LM01', 'LM02', 'LM03', 'LM04', 'LM05', 'LN01', 'LN02', 'LN03', 'LN04', 'LN05', 'LN06', 'LO01', 'LO02', 'LO03'], ['LO02'], ['LM01', 'LM02', 'LM03', 'LM04', 'LN03', 'LO01', 'LO02', 'LO03']]"	"['LM01', 'LM02', 'LM03', 'LM04', 'LN03', 'LO01', 'LO02', 'LO03']"	"[['LM01', 'LM02', 'LM03', 'LM04', 'LM05', 'LM06', 'LM07', 'LM08', 'LN01', 'LN02', 'LN03', 'LN04', 'LN05', 'LO01', 'LO02', 'LO03'], ['LM01', 'LN03', 'LN04', 'LN05', 'LO01', 'LO02', 'LO03'], ['LM01', 'LM02', 'LM03', 'LM04', 'LN03', 'LN04', 'LN05', 'LO01', 'LO02', 'LO03']]"	"['LM01', 'LM02', 'LM03', 'LM04', 'LN03', 'LN04', 'LN05', 'LO01', 'LO02', 'LO03']"	Typical	0	yes
CHOP026	CHOPCCEP_026	10208.16	10301.18	"['Clin 5', 'Clin 2', 'Clin 4']"	Stim. Induced	LO4-LO5	1	4	300	"[10208.9863, 10207.97, 10208.98]"	10208.98	"[['LB01', 'LB02'], ['LB01', 'LB02'], ['LB01', 'LB02', 'LB03', 'LB04']]"	"['LB01', 'LB02']"	"[['LB01', 'LB02', 'LD02', 'LD03', 'LD04', 'LE01', 'LE02', 'LE03', 'LF01', 'LF02'], ['LA01', 'LA02', 'LA03', 'LA04', 'LA05', 'LA06', 'LB01', 'LB02', 'LE01', 'LE02', 'LE03'], ['LB01', 'LB02', 'LB03', 'LB04', 'LE01']]"	"['LB01', 'LB02', 'LE01', 'LE02', 'LE03']"	Atypical	0	no
CHOP028	CHOPCCEP_028	8536	8577.35	"['Clin 5', 'Clin 4', 'Clin 3']"	Stim. Induced	RD1-RD2				"[8535.967141, 8568.82, 8536.01]"	8536.01	"[['RB01', 'RB02', 'RD01', 'RD02', 'RD03', 'RD04', 'RE01', 'RE02', 'RE03', 'RG01', 'RG02', 'RG03'], ['RC04', 'RC05', 'RC06', 'RC07', 'RC08', 'RD01', 'RD04', 'RE01', 'RE02', 'RE03', 'RE04', 'RG01', 'RG02', 'RG03'], ['RB01', 'RB02', 'RB03', 'RB04', 'RB05', 'RC01', 'RC02', 'RC03', 'RC04', 'RC05', 'RC06', 'RC07', 'RD01', 'RD02', 'RE01', 'RE02', 'RE03', 'RE04', 'RE05', 'RG01', 'RG02', 'RG03', 'RG04']]"	"['RB01', 'RB02', 'RC04', 'RC05', 'RC06', 'RC07', 'RD01', 'RD02', 'RD04', 'RE01', 'RE02', 'RE03', 'RE04', 'RG01', 'RG02', 'RG03']"	"[['RB01', 'RB02', 'RB03', 'RB04', 'RB05', 'RC01', 'RC02', 'RC03', 'RC04', 'RC05', 'RC06', 'RC07', 'RC08', 'RD01', 'RD02', 'RD03', 'RD04', 'RE01', 'RE02', 'RE03', 'RG01', 'RG02', 'RG03'], [], ['RB01', 'RB02', 'RB03', 'RB04', 'RB05', 'RC01', 'RC02', 'RC03', 'RC04', 'RC05', 'RC06', 'RC07', 'RD01', 'RD02', 'RE01', 'RE02', 'RE03', 'RE04', 'RE05', 'RG01', 'RG02', 'RG03', 'RG04']]"	"['RB01', 'RB02', 'RB03', 'RB04', 'RB05', 'RC01', 'RC02', 'RC03', 'RC04', 'RC05', 'RC06', 'RC07', 'RD01', 'RD02', 'RE01', 'RE02', 'RE03', 'RG01', 'RG02', 'RG03']"	Atypical	0	no
CHOP035	CHOPCCEP_035	2872.35	2899.06	"['Clin 1', 'Clin 5', 'Clin 2']"	Stim. Induced	LN3-LN4	1	3	500	"[2872.33, 2872.032833, 2872.36]"	2872.33	"[['LF03', 'LG02', 'LG03', 'LG04', 'LL02', 'LL03', 'LL04', 'LM02', 'LM03', 'LM04', 'LN02', 'LN03', 'LN04'], ['LG01', 'LG02', 'LG03', 'LG04', 'LL01', 'LL02', 'LL03', 'LL04', 'LL05', 'LL06', 'LM01', 'LM02', 'LM03', 'LM04', 'LM05', 'LM06', 'LN01', 'LN02', 'LN03', 'LN04', 'LN05', 'LN06'], ['LG01', 'LG02', 'LG03', 'LG04', 'LL01', 'LL02', 'LL03', 'LL04', 'LM01', 'LM02', 'LM03', 'LM04', 'LN01', 'LN02', 'LN05']]"	"['LG01', 'LG02', 'LG03', 'LG04', 'LL01', 'LL02', 'LL03', 'LL04', 'LM01', 'LM02', 'LM03', 'LM04', 'LN01', 'LN02', 'LN03', 'LN04', 'LN05']"	"[['LF03', 'LG02', 'LG03', 'LG04', 'LL02', 'LL03', 'LL04', 'LM02', 'LM03', 'LM04', 'LN02', 'LN03', 'LN04'], ['LG01', 'LG02', 'LG03', 'LG04', 'LL01', 'LL02', 'LL03', 'LL04', 'LL05', 'LL06', 'LM01', 'LM02', 'LM03', 'LM04', 'LM05', 'LM06', 'LN01', 'LN02', 'LN03', 'LN04', 'LN05', 'LN06'], ['LF01', 'LF02', 'LF03', 'LG01', 'LG02', 'LG03', 'LG04', 'LL01', 'LL02', 'LL03', 'LL04', 'LL05', 'LM01', 'LM02', 'LM03', 'LN01', 'LN02', 'LN03', 'LN04']]"	"['LF03', 'LG01', 'LG02', 'LG03', 'LG04', 'LL01', 'LL02', 'LL03', 'LL04', 'LL05', 'LM01', 'LM02', 'LM03', 'LM04', 'LN01', 'LN02', 'LN03', 'LN04']"	Typical	0	no
CHOP035	CHOPCCEP_035	6553.27	6571.83	"['Clin 1', 'Clin 5', 'Clin 2']"	Stim. Induced	LL3-LL4	1	3	500	"[6553.26, 6553.204334, 6553.22]"	6553.22	"[['LF03', 'LG02', 'LG03', 'LG04', 'LL02', 'LL03', 'LL04', 'LM02', 'LM03', 'LM04', 'LN02'], ['LF03', 'LG01', 'LG02', 'LG03', 'LG04', 'LL01', 'LL02', 'LL03', 'LL04', 'LL05', 'LM01', 'LM02', 'LM03', 'LM04', 'LM05'], ['LF01', 'LF02', 'LF03', 'LG01', 'LG02', 'LG03', 'LG04', 'LL01', 'LL02', 'LL03', 'LL04', 'LL05', 'LM01', 'LM02', 'LM03', 'LM04', 'LM05', 'LN01', 'LN02', 'LN03', 'LN04']]"	"['LF03', 'LG01', 'LG02', 'LG03', 'LG04', 'LL01', 'LL02', 'LL03', 'LL04', 'LL05', 'LM01', 'LM02', 'LM03', 'LM04', 'LM05', 'LN02']"	"[['LF03', 'LG02', 'LG03', 'LG04', 'LL02', 'LL03', 'LL04', 'LM02', 'LM03', 'LM04', 'LN02'], ['LF03', 'LG01', 'LG02', 'LG03', 'LG04', 'LL01', 'LL02', 'LL03', 'LL04', 'LL05', 'LM01', 'LM02', 'LM03', 'LM04', 'LM05'], ['LF01', 'LF02', 'LF03', 'LG01', 'LG02', 'LG03', 'LG04', 'LL01', 'LL02', 'LL03', 'LL04', 'LM02', 'LM03', 'LM04', 'LN01', 'LN02', 'LN03']]"	"['LF03', 'LG01', 'LG02', 'LG03', 'LG04', 'LL01', 'LL02', 'LL03', 'LL04', 'LM02', 'LM03', 'LM04', 'LN02']"	Typical	0	no
CHOP038	CHOPCCEP_038	4966.11	5266.02	"['Clin 5', 'Clin 4', 'Clin 3']"	Stim. Induced	LB6-LB7	1	7	300	"[4968.742128, 4966.0, 4967.99]"	4967.99	"[['LA10', 'LA11', 'LA12', 'LA13', 'LA14', 'LA07', 'LA08', 'LA09', 'LB01', 'LB02', 'LB03', 'LB04', 'LB05', 'LB06', 'LB07', 'LH01', 'LI03', 'LI04', 'LI05', 'LI06', 'LI07', 'LI08'], ['LA10', 'LA11', 'LA12', 'LA08', 'LA09', 'LB05', 'LB06', 'LE10', 'LE11', 'LE12', 'LE13', 'LE14', 'LE07', 'LE08', 'LE09', 'LF10', 'LF11', 'LF05', 'LF06', 'LF07', 'LF08', 'LF09', 'LG01', 'LG10', 'LG11', 'LG02', 'LG03', 'LG04', 'LG05', 'LG06', 'LG07', 'LG08', 'LG09'], ['LA10', 'LA08', 'LA09', 'LI01', 'LI02', 'LI03', 'LI04', 'LI05', 'LI06', 'LI07', 'LI08', 'LI09']]"	"['LA10', 'LA11', 'LA12', 'LA08', 'LA09', 'LB05', 'LB06', 'LI03', 'LI04', 'LI05', 'LI06', 'LI07', 'LI08']"	"[['LA10', 'LA11', 'LA12', 'LA13', 'LA05', 'LA06', 'LA07', 'LA08', 'LA09', 'LB01', 'LB02', 'LB03', 'LB04', 'LB05', 'LB06', 'LB07', 'LC10', 'LC11', 'LC12', 'LC13', 'LC14', 'LC08', 'LC09', 'LE01', 'LE11', 'LE12', 'LE13', 'LE14', 'LE02', 'LF10', 'LF11', 'LF09', 'LH15', 'LH16', 'LI04', 'LI05', 'LI06', 'LI07', 'LI08'], ['LA10', 'LA11', 'LA12', 'LA08', 'LA09', 'LB05', 'LB06', 'LE10', 'LE11', 'LE12', 'LE13', 'LE14', 'LE07', 'LE08', 'LE09', 'LF10', 'LF11', 'LF05', 'LF06', 'LF07', 'LF08', 'LF09', 'LG01', 'LG10', 'LG11', 'LG02', 'LG03', 'LG04', 'LG05', 'LG06', 'LG07', 'LG08', 'LG09'], ['LA10', 'LA11', 'LA13', 'LA05', 'LA06', 'LA08', 'LA09', 'LE11', 'LE12', 'LE13', 'LF10', 'LF09', 'LG10', 'LG06', 'LG07', 'LG08', 'LG09', 'LH01', 'LH14', 'LH15', 'LH16', 'LH02', 'LH03', 'LI01', 'LI02', 'LI03', 'LI04', 'LI05', 'LI06', 'LI07', 'LI08', 'LI09']]"	"['LA10', 'LA11', 'LA12', 'LA13', 'LA05', 'LA06', 'LA08', 'LA09', 'LB05', 'LB06', 'LE11', 'LE12', 'LE13', 'LE14', 'LF10', 'LF11', 'LF09', 'LG10', 'LG06', 'LG07', 'LG08', 'LG09', 'LH15', 'LH16', 'LI04', 'LI05', 'LI06', 'LI07', 'LI08']"	Typical	0	yes
CHOP038	CHOPCCEP_038	6474.47	6481.34	"['Clin 5', 'Clin 4', 'Clin 3']"	Spontaneous					"[6474.502797, 6474.36, 6474.53]"	6474.502797	"[['LB01', 'LB02', 'LB03', 'LC13', 'LI03', 'LI04', 'LI05', 'LI06', 'LI07', 'LI08'], ['LA10', 'LA11', 'LA12', 'LB04', 'LB05', 'LB06', 'LB07', 'LC10', 'LC11', 'LC12', 'LC08', 'LC09', 'LE10', 'LE11', 'LE12', 'LE13', 'LF05', 'LF06', 'LF07', 'LF08', 'LG10', 'LG11', 'LG03', 'LG04', 'LG05', 'LG06', 'LG07', 'LG08', 'LG09', 'LI04', 'LI05', 'LI06', 'LI07', 'LI08'], ['LA10', 'LA08', 'LA09', 'LE01', 'LE12', 'LE13', 'LE02', 'LF10', 'LF11', 'LI03', 'LI04', 'LI05', 'LI06', 'LI07', 'LI08', 'LI09']]"	"['LA10', 'LE12', 'LE13', 'LI03', 'LI04', 'LI05', 'LI06', 'LI07', 'LI08']"	"[['LA10', 'LA11', 'LA12', 'LA13', 'LB01', 'LB02', 'LB03', 'LB04', 'LB05', 'LB06', 'LC13', 'LE13', 'LE14', 'LH01', 'LH02', 'LH03', 'LH04', 'LI03', 'LI04', 'LI05', 'LI06', 'LI07', 'LI08', 'LI09'], ['LE10', 'LE11', 'LE12', 'LE13', 'LE14', 'LE07', 'LE08', 'LE09'], ['LE01', 'LE13', 'LE02', 'LF10', 'LF11']]"	"['LE13', 'LE14']"	Unknown	0	no
CHOP041	CHOPCCEP_041	6083.07	6149.76	"['Clin 5', 'Clin 2', 'Clin 3']"	Stim. Induced	LI1-LI2	1	5	500	"[6094.827586, 6083.09, 6083.44]"	6083.44	"[['LD01', 'LD02', 'LF01', 'LF02', 'LF03', 'LH01', 'LH12', 'LH13', 'LH02', 'LI01', 'LI02'], ['LA01', 'LA02', 'LA03', 'LA04', 'LA05', 'LA06', 'LF01', 'LF02', 'LF03', 'LF04', 'LF05', 'LF06', 'LF07', 'LF08', 'LF09', 'LG02', 'LG03', 'LG04', 'LG05', 'LG06', 'LG07', 'LG08', 'LG09'], ['LA04', 'LA05', 'LA06', 'LA07', 'LF01', 'LF02', 'LF03', 'LF04', 'LG01', 'LG10', 'LG02', 'LG03', 'LG04', 'LG05', 'LG06', 'LG07', 'LG08', 'LG09', 'LI04', 'LI05', 'LI06', 'LK02', 'LK03']]"	"['LA04', 'LA05', 'LA06', 'LF01', 'LF02', 'LF03', 'LF04', 'LG02', 'LG03', 'LG04', 'LG05', 'LG06', 'LG07', 'LG08', 'LG09']"	"[['LA05', 'LA06', 'LA07', 'LD01', 'LD02', 'LF01', 'LF10', 'LF11', 'LF12', 'LF02', 'LF03', 'LF04', 'LF09', 'LG01', 'LG10', 'LG02', 'LG03', 'LG04', 'LG05', 'LG06', 'LG07', 'LG08', 'LG09', 'LH01', 'LH12', 'LH13', 'LH02', 'LH03', 'LH04', 'LI01', 'LI02', 'LI03', 'LI04', 'LI05', 'LI06', 'LI07', 'LI08', 'LJ05', 'LJ06', 'LK01', 'LK02', 'LK03', 'LK04', 'LK05', 'LK06', 'LK07', 'LS01'], [], ['LA04', 'LA05', 'LA06', 'LA07', 'LF01', 'LF02', 'LF03', 'LF04', 'LG01', 'LG10', 'LG02', 'LG03', 'LG04', 'LG05', 'LG06', 'LG07', 'LG08', 'LG09', 'LI04', 'LI05', 'LI06', 'LK02', 'LK03']]"	"['LA05', 'LA06', 'LA07', 'LF01', 'LF02', 'LF03', 'LF04', 'LG01', 'LG10', 'LG02', 'LG03', 'LG04', 'LG05', 'LG06', 'LG07', 'LG08', 'LG09', 'LI04', 'LI05', 'LI06', 'LK02', 'LK03']"	Typical	1	no
CHOP041	CHOP041	416768.18	416830.4	"['Clin 1', 'Clin 5', 'Clin 2']"	Spontaneous					"[416772.95, 416772.4108, 416749.47]"	416772.4108	"[['LF01', 'LF02', 'LF03', 'LG02', 'LG03', 'LG04', 'LG05', 'LG06', 'LG07', 'LG08', 'LH01', 'LH02', 'LI01', 'LI02', 'LI03', 'LI04', 'LI05', 'LK03'], ['LF02', 'LF03', 'LI02', 'LI03', 'LI04', 'LI05', 'LI06', 'LI07', 'LK01', 'LK02', 'LK03'], ['LF01']]"	"['LF01', 'LF02', 'LF03', 'LI02', 'LI03', 'LI04', 'LI05', 'LK03']"	"[['LF01', 'LF02', 'LF03', 'LF04', 'LG02', 'LG03', 'LG04', 'LG05', 'LG06', 'LG07', 'LG08', 'LH01', 'LH02', 'LI01', 'LI02', 'LI03', 'LI04', 'LI05', 'LI06', 'LK02', 'LK03', 'LK04', 'LK05', 'LK06'], ['LA01', 'LA02', 'LA04', 'LA05', 'LA06', 'LF01', 'LF02', 'LF03', 'LF04', 'LF05', 'LF08', 'LF09', 'LG10', 'LG02', 'LG03', 'LG04', 'LG05', 'LG06', 'LG07', 'LG08', 'LG09', 'LH01', 'LH10', 'LH11', 'LH12', 'LH13', 'LH14', 'LH02', 'LH03', 'LH04', 'LH05', 'LH06', 'LH07', 'LH08', 'LH09', 'LI01', 'LI02', 'LI03', 'LI04', 'LI05', 'LI06', 'LI07', 'LI08', 'LJ01', 'LJ02', 'LJ03', 'LJ04', 'LJ05', 'LJ06', 'LK01', 'LK02', 'LK03', 'LK04', 'LK05', 'LK06', 'LK07', 'LK08', 'LO01', 'LO10', 'LO11', 'LO12', 'LO13', 'LO14', 'LO02', 'LO08', 'LO09', 'LP06', 'LP07', 'LP08', 'LP09', 'LS01', 'LS13', 'LS02'], ['LF01']]"	"['LF01', 'LF02', 'LF03', 'LF04', 'LG02', 'LG03', 'LG04', 'LG05', 'LG06', 'LG07', 'LG08', 'LH01', 'LH02', 'LI01', 'LI02', 'LI03', 'LI04', 'LI05', 'LI06', 'LK02', 'LK03', 'LK04', 'LK05', 'LK06']"	Unknown	0	no
CHOP046	CHOPCCEP_046	12337.81	12386.87	"['Clin 1', 'Clin 5', 'Clin 3']"	Stim. Induced	LF1-LF2	1	6	500	"[12338.0, 12337.05641, 12341.55]"	12338	"[['LB02', 'LB03', 'LD03', 'LD04', 'LE02', 'LE03', 'LE04', 'LI02', 'LJ02'], ['LB01', 'LB02', 'LB03', 'LB04', 'LD02', 'LD03', 'LD04', 'LD05', 'LE01', 'LE02', 'LE03', 'LE04', 'LE05', 'LJ01', 'LJ02'], ['LB01', 'LB02', 'LB03', 'LD02', 'LD03', 'LD04']]"	"['LB01', 'LB02', 'LB03', 'LD02', 'LD03', 'LD04', 'LE02', 'LE03', 'LE04', 'LJ02']"	"[['LA02', 'LA03', 'LA04', 'LB02', 'LB03', 'LB04', 'LD03', 'LD04', 'LD05', 'LE02', 'LE03', 'LE04', 'LI02', 'LJ02'], ['LA01', 'LA02', 'LA03', 'LB01', 'LB02', 'LB03', 'LB04', 'LD01', 'LD02', 'LD03', 'LD04', 'LD05', 'LE01', 'LE02', 'LE03', 'LE04', 'LE05', 'LJ01', 'LJ10', 'LJ02', 'LJ09'], ['LB01', 'LB02', 'LB03', 'LB04', 'LD03', 'LD04', 'LE03', 'LE04', 'LJ01', 'LJ02']]"	"['LA02', 'LA03', 'LB01', 'LB02', 'LB03', 'LB04', 'LD03', 'LD04', 'LD05', 'LE02', 'LE03', 'LE04', 'LJ01', 'LJ02']"	Typical	0	no
CHOP046	CHOPCCEP_046	17123.09	17141.09	"['Clin 1', 'Clin 5', 'Clin 3']"	Stim. Induced	LE4-LE5	1	6	500	"[17122.87, 17129.43524, 17123.05]"	17123.05	"[['LE02', 'LE03'], ['LE01', 'LE02', 'LE03', 'LE04', 'LE05'], ['LE01', 'LE02']]"	"['LE01', 'LE02', 'LE03']"	"[['LB02', 'LB03', 'LD04', 'LE02', 'LE03', 'LE04', 'LE05'], ['LB01', 'LB02', 'LB03', 'LD03', 'LD04', 'LD05', 'LE01', 'LE02', 'LE03', 'LE04', 'LE05'], ['LD03', 'LD04', 'LE01', 'LE02']]"	"['LB02', 'LB03', 'LD03', 'LD04', 'LE01', 'LE02', 'LE03', 'LE04', 'LE05']"	Typical	0	yes
CHOP049	CHOP049	114973.49	114989.47	"['Clin 1', 'Clin 5', 'Clin 2']"	Spontaneous					"[114973.83, 114973.7691, 114973.26]"	114973.7691	"[['LC02', 'LC03', 'LD04', 'LD05', 'LD06', 'LF01', 'LF02', 'LH06', 'LH07', 'LH08', 'LH09', 'LI10', 'LI11', 'LI12', 'LI13', 'LI08', 'LI09', 'LL01', 'LL02', 'LL03', 'LL04', 'LO08', 'LO09'], ['LC01', 'LC02', 'LC03', 'LC04', 'LD06', 'LD07', 'LD08', 'LE10', 'LE11', 'LE09', 'LH10', 'LH11', 'LH06', 'LH07', 'LH08', 'LH09', 'LI12', 'LI13', 'LL04', 'LL05'], ['LC01', 'LC02', 'LC03', 'LD07', 'LE10', 'LE09', 'LF01', 'LF02', 'LH10', 'LH05', 'LH06', 'LH07', 'LH08', 'LH09', 'LI13', 'LI14', 'LL01', 'LL02', 'LL03', 'LL04']]"	"['LC01', 'LC02', 'LC03', 'LD06', 'LD07', 'LE10', 'LE09', 'LF01', 'LF02', 'LH10', 'LH06', 'LH07', 'LH08', 'LH09', 'LI12', 'LI13', 'LL01', 'LL02', 'LL03', 'LL04']"	"[['LC01', 'LC02', 'LC03', 'LC04', 'LC05', 'LC06', 'LD05', 'LD06', 'LF01', 'LF02', 'LF03', 'LF04', 'LF05', 'LF06', 'LF07', 'LH06', 'LH07', 'LH08', 'LH09', 'LI10', 'LI11', 'LI12', 'LI13', 'LL01', 'LL02', 'LL03', 'LL04', 'LM06', 'LM07', 'LM08', 'LM09', 'LO07', 'LO08', 'LO09'], ['LC01', 'LC02', 'LC03', 'LC04', 'LC05', 'LC06', 'LC07', 'LD05', 'LD06', 'LD07', 'LD08', 'LE10', 'LE11', 'LE09', 'LF01', 'LF02', 'LF03', 'LH10', 'LH11', 'LH03', 'LH04', 'LH05', 'LH06', 'LH07', 'LH09', 'LI13', 'LI14', 'LL04', 'LL05', 'LM01', 'LM10', 'LM02', 'LM03', 'LM05', 'LM06', 'LM09', 'LN01', 'LN02', 'LN06', 'LN07', 'LN08', 'LO03', 'LO04', 'LO06', 'LO07', 'LO08', 'LO09', 'LP01', 'LP02'], ['LC01', 'LC02', 'LC03', 'LC04', 'LC05', 'LC06', 'LD07', 'LF01', 'LF02', 'LH10', 'LH04', 'LH05', 'LH06', 'LH07', 'LH08', 'LH09', 'LI13', 'LL05', 'LM05', 'LM06', 'LM07', 'LM08', 'LM09', 'LN01', 'LN06', 'LN07', 'LN08', 'LO02', 'LO03', 'LO07', 'LP02']]"	"['LC01', 'LC02', 'LC03', 'LC04', 'LC05', 'LC06', 'LD05', 'LD06', 'LD07', 'LF01', 'LF02', 'LF03', 'LH10', 'LH04', 'LH05', 'LH06', 'LH07', 'LH08', 'LH09', 'LI13', 'LL04', 'LL05', 'LM05', 'LM06', 'LM07', 'LM08', 'LM09', 'LN01', 'LN06', 'LN07', 'LN08', 'LO03', 'LO07', 'LO08', 'LO09', 'LP02']"	Unknown	0	no
CHOP049	CHOP049	241395.8	241411.23	"['Clin 1', 'Clin 5', 'Clin 2']"	Stim. Induced	LO3-LO4	1	8	300	"[241395.58, 241395.6687, 241395.81]"	241395.6687	"[['LH06', 'LH07', 'LH08', 'LH09'], ['LC01', 'LC02', 'LC03', 'LC06', 'LC07', 'LC08', 'LH10', 'LH11', 'LH05', 'LH06', 'LH07', 'LH08', 'LH09'], ['LH06', 'LH07', 'LH08', 'LH09']]"	"['LH06', 'LH07', 'LH08', 'LH09']"	"[['LC04', 'LC05', 'LC06', 'LF01', 'LF02', 'LH06', 'LH07', 'LH08', 'LH09', 'LL01', 'LL02', 'LM06', 'LM07', 'LM08', 'LM09', 'LN07', 'LN08', 'LN09', 'LO10', 'LO07', 'LO08', 'LO09'], ['LC01', 'LC02', 'LC03', 'LC04', 'LC05', 'LC06', 'LC07', 'LC08', 'LD06', 'LD07', 'LD08', 'LD09', 'LF01', 'LF02', 'LF03', 'LH10', 'LH11', 'LH03', 'LH04', 'LH05', 'LH06', 'LH07', 'LH08', 'LH09', 'LL01', 'LL02', 'LL03', 'LL04', 'LM10', 'LM09', 'LO07', 'LO08'], ['LC06', 'LF01', 'LF02', 'LH06', 'LH07', 'LH08', 'LH09', 'LL01', 'LL02', 'LL03', 'LL04', 'LM09', 'LN10', 'LN07', 'LN08', 'LN09', 'LO08']]"	"['LC04', 'LC05', 'LC06', 'LF01', 'LF02', 'LH06', 'LH07', 'LH08', 'LH09', 'LL01', 'LL02', 'LL03', 'LL04', 'LM09', 'LN07', 'LN08', 'LN09', 'LO07', 'LO08']"	Typical	0	yes
HUP224	HUP224_phaseII	71156.59	71190.99	"['Clin 1', 'Clin 2', 'Clin 3']"	Stim. Induced	LB1-LB2	1	3	300	"[71156.52, 71156.58, 71156.57]"	71156.57	"[['LA01', 'LA02', 'LA03', 'LA04', 'LB01', 'LB02', 'LB03', 'LB04', 'LC01', 'LC02'], ['LA01', 'LA02', 'LA03', 'LA04', 'LB01', 'LB02', 'LB03', 'LB04', 'LB05', 'LC01', 'LC02', 'LC03'], ['LA01', 'LA02', 'LA03', 'LA04', 'LB02', 'LB03', 'LC02', 'LC03']]"	"['LA01', 'LA02', 'LA03', 'LA04', 'LB01', 'LB02', 'LB03', 'LB04', 'LC01', 'LC02', 'LC03']"	"[['LB01', 'LB02', 'LB03', 'LB04', 'LC01', 'LC02'], ['LB01', 'LB02', 'LB03', 'LC01', 'LC02'], ['LA01', 'LA02', 'LA03', 'LA04', 'LB02', 'LB03', 'LC02', 'LC03']]"	"['LB01', 'LB02', 'LB03', 'LC01', 'LC02']"	Atypical	0	yes
HUP224	HUP224_phaseII	339135.86	339234.2	"['Clin 1', 'Clin 2', 'Clin 3']"	Spontaneous					"[339143.7, 339143.78, 339144.71]"	339143.78	"[['RB02', 'RB03', 'RB04', 'RC02', 'RC03'], ['RB01', 'RB02', 'RB03', 'RC01', 'RC02'], ['RB01', 'RB02', 'RB03', 'RC01', 'RC02', 'RC03']]"	"['RB01', 'RB02', 'RB03', 'RC01', 'RC02', 'RC03']"	"[['LB02', 'LB03', 'LB04', 'LC02', 'RB02', 'RB03', 'RB04', 'RC02', 'RC03', 'RF03', 'RF04'], ['LB01', 'LB02', 'LB03', 'LB04', 'LC01', 'LC02', 'RB01', 'RB02', 'RB03', 'RC01', 'RC02'], ['LB01', 'LB02', 'LB03', 'LC01', 'LC02', 'RB01', 'RB02', 'RB03', 'RC01', 'RC02', 'RF02', 'RF03']]"	"['LB01', 'LB02', 'LB03', 'LB04', 'LC01', 'LC02', 'RB01', 'RB02', 'RB03', 'RC01', 'RC02', 'RF03']"	Unknown	0	no
HUP224	HUP224_phaseII	491462.51	491541.43	"['Clin 1', 'Clin 2', 'Clin 3']"	Spontaneous					"[491466.01, 491466.13, 491466.12]"	491466.12	"[['RB02', 'RB03', 'RB04', 'RC02', 'RC03'], ['RB01', 'RB02', 'RB03', 'RC01', 'RC02'], ['RB01', 'RB02', 'RB03', 'RC01', 'RC02', 'RC03']]"	"['RB01', 'RB02', 'RB03', 'RC01', 'RC02', 'RC03']"	"[['LB02', 'LB03', 'LB04', 'LC02', 'RB02', 'RB03', 'RB04', 'RC02', 'RC03', 'RF03', 'RF04'], ['LB01', 'LB02', 'LB03', 'LB04', 'LC01', 'LC02', 'RB01', 'RB02', 'RB03', 'RC01', 'RC02'], ['LB01', 'LB02', 'LB03', 'LC01', 'RB01', 'RB02', 'RB03', 'RC01', 'RC02', 'RF02', 'RF03']]"	"['LB01', 'LB02', 'LB03', 'LB04', 'LC01', 'LC02', 'RB01', 'RB02', 'RB03', 'RC01', 'RC02', 'RF03']"	Unknown	0	no
HUP224	HUP224_phaseII	519177.95	519258.16	"['Clin 1', 'Clin 2', 'Clin 3']"	Spontaneous					"[519180.37, 519180.44, 519180.99]"	519180.44	"[['RB02', 'RB03', 'RB04', 'RC02', 'RC03'], ['RB01', 'RB02', 'RB03', 'RC01', 'RC02'], ['RB01', 'RB02', 'RB03', 'RC01', 'RC02', 'RC03']]"	"['RB01', 'RB02', 'RB03', 'RC01', 'RC02', 'RC03']"	"[['LB02', 'LB03', 'LB04', 'LC02', 'RB02', 'RB03', 'RB04', 'RC02', 'RC03', 'RF03', 'RF04', 'RQ02'], ['LB01', 'LB02', 'LB03', 'LB04', 'LC01', 'LC02', 'RB01', 'RB02', 'RB03', 'RC01', 'RC02'], ['LB01', 'LB02', 'LB03', 'LC01', 'RB01', 'RB02', 'RB03', 'RC01', 'RC02', 'RF02', 'RF03']]"	"['LB01', 'LB02', 'LB03', 'LB04', 'LC01', 'LC02', 'RB01', 'RB02', 'RB03', 'RC01', 'RC02', 'RF03']"	Unknown	0	no
HUP225	HUP225_phaseII	159833.84	159913.05	"['Clin 2', 'Clin 4', 'Clin 3']"	Stim. Induced	RC1-RC2	1	3	300	"[159833.8, 159833.87, 159834.05]"	159833.87	"[['RA01', 'RA02', 'RA03', 'RA04', 'RB01', 'RB02', 'RB03', 'RB04', 'RC01', 'RC02'], ['RA01', 'RA02', 'RA03', 'RB01', 'RB02', 'RB03', 'RB04', 'RC03'], ['RB01', 'RB02', 'RB03']]"	"['RA01', 'RA02', 'RA03', 'RB01', 'RB02', 'RB03', 'RB04']"	"[['RA01', 'RA02', 'RA03', 'RA04', 'RB01', 'RB02', 'RB03', 'RB04', 'RC01', 'RC02', 'RC03'], ['RA01', 'RA02', 'RA03', 'RB01', 'RB02', 'RB03', 'RB04', 'RC03', 'RX01', 'RX02'], ['RB01', 'RB02', 'RB03', 'RC01', 'RC02']]"	"['RA01', 'RA02', 'RA03', 'RB01', 'RB02', 'RB03', 'RB04', 'RC01', 'RC02', 'RC03']"	Typical	0	yes
HUP225	HUP225_phaseII	304944.5422	305031.85	"['Clin 2', 'Clin 4', 'Clin 3']"	Spontaneous					"[304944.56, 304944.5422, 304959.37]"	304944.56	"[['RT04', 'RT05'], ['RT04', 'RT05'], ['RT05']]"	"['RT04', 'RT05']"	"[['RT04', 'RT05', 'RT06'], ['RT04', 'RT05'], ['RT01', 'RT02']]"	"['RT04', 'RT05']"	Unknown	0	yes
HUP225	HUP225_phaseII	393496.2	393587.96	"['Clin 2', 'Clin 4', 'Clin 3']"	Spontaneous					"[393498.33, 393499.84, 393498.17]"	393498.33	"[['RT04'], ['RT04', 'RT05'], ['RT05', 'RT06']]"	"['RT04', 'RT05']"	"[['RB02', 'RB03', 'RC01', 'RC02', 'RT03', 'RT04', 'RT05'], ['RT04', 'RT05'], ['RA03', 'RT03', 'RT04', 'RT05', 'RU01', 'RU02']]"	"['RT03', 'RT04', 'RT05']"	Unknown	0	yes
HUP225	HUP225_phaseII	408565.81	408670.81	"['Clin 2', 'Clin 4', 'Clin 3']"	Spontaneous					"[408576.51, 408575.99, 408576.51]"	408576.51	"[['RI01', 'RI02', 'RT05'], ['RT04', 'RT05'], ['RT04', 'RT05']]"	"['RT04', 'RT05']"	"[['RB01', 'RB02', 'RB03', 'RC01', 'RC02', 'RI01', 'RI02', 'RI03', 'RI04', 'RT03', 'RT04', 'RT05'], ['RT04', 'RT05'], ['RA03', 'RA04', 'RA05', 'RI02', 'RI03', 'RI04', 'RT04', 'RT05', 'RT06']]"	"['RI02', 'RI03', 'RI04', 'RT04', 'RT05']"	Unknown	0	yes
HUP229	HUP229_phaseII	1109.4	1176.91	"['Clin 1', 'Clin 5', 'Clin 2']"	Stim. Induced	LG1-LG2	1	3	300	"[1111.95, 1111.941348, 1109.21]"	1111.941348	"[['LB02', 'LC02', 'LG03'], ['LB01', 'LB02', 'LC01', 'LC02', 'LG01', 'LG02', 'LG03', 'LG04'], ['LB01', 'LB02', 'LC01', 'LC02']]"	"['LB01', 'LB02', 'LC01', 'LC02', 'LG03']"	"[['LB02', 'LC02', 'LG03'], ['LA01', 'LA02', 'LA06', 'LA07', 'LA08', 'LB01', 'LB02', 'LB03', 'LC01', 'LC02', 'LC03', 'LF05', 'LF06', 'LF07', 'LG01', 'LG02', 'LG03', 'LG04', 'LG05', 'LG06', 'LG07', 'LI01', 'LI02', 'LI03', 'LI04', 'LI05', 'LI06', 'LX01', 'LX02'], ['LB01', 'LB02', 'LC01', 'LC02', 'LG01', 'LG02']]"	"['LB01', 'LB02', 'LC01', 'LC02', 'LG01', 'LG02', 'LG03']"	Typical	0	no
HUP229	HUP229_phaseII	541692.08	541818.69	"['Clin 1', 'Clin 5', 'Clin 2']"	Spontaneous					"[541693.85, 541702.3533, 541702.53]"	541702.3533	"[['LB02', 'LG01'], ['LB01', 'LB02', 'LC01', 'LC02', 'LG01', 'LG02', 'LG03'], ['LC01', 'LC02', 'LG01', 'LG02', 'LG03']]"	"['LB02', 'LC01', 'LC02', 'LG01', 'LG02', 'LG03']"	"[['LA02', 'LA03', 'LB02', 'LC02', 'LG01', 'LG02', 'LG03'], ['LA01', 'LA02', 'LB01', 'LB02', 'LC01', 'LC02', 'LG01', 'LG02', 'LG03'], ['LB01', 'LB02', 'LC01', 'LC02', 'LG01', 'LG02', 'LG03']]"	"['LA02', 'LB01', 'LB02', 'LC01', 'LC02', 'LG01', 'LG02', 'LG03']"	Unknown	0	yes
HUP230	HUP230_phaseII	3860.24	3878.4	"['Clin 1', 'Clin 2', 'Clin 4']"	Stim. Induced	LB5-LB6	1	3	500	"[3860.93, 3861.66, 3861.64]"	3861.64	"[['LC02', 'LC03'], ['LC02', 'LC03'], ['LC02', 'LC03']]"	"['LC02', 'LC03']"	"[['LC02', 'LC03'], ['LC02', 'LC03'], ['LC02', 'LC03', 'LC06', 'LC07']]"	"['LC02', 'LC03']"	Atypical	0	no
HUP230	HUP230_phaseII	251120.66	251135.4	"['Clin 1', 'Clin 2', 'Clin 4']"	Spontaneous					"[251121.1, 251121.12, 251121.12]"	251121.12	"[['LC02'], ['LC02', 'LC03'], ['LC02', 'LC03']]"	"['LC02', 'LC03']"	"[['LC02', 'LC03'], ['LC02', 'LC03'], ['LC02', 'LC03']]"	"['LC02', 'LC03']"	Unknown	0	no
HUP230	HUP230_phaseII	296207.34	296351.21	"['Clin 1', 'Clin 2', 'Clin 4']"	Spontaneous					"[296207.22, 296221.76, 296207.33]"	296207.33	"[['LA02', 'LA03', 'LA04', 'LB02', 'LB03', 'LC02', 'LC03'], ['LC02'], ['LB01', 'LB02', 'LC02', 'LC03']]"	"['LB02', 'LC02', 'LC03']"	"[['LA02', 'LA03', 'LA04', 'LB02', 'LB03', 'LC02', 'LC03'], ['LA01', 'LA02', 'LA03', 'LA04', 'LA05', 'LA06', 'LA07', 'LA08', 'LA09', 'LB01', 'LB02', 'LB03', 'LC01', 'LC02', 'LC03', 'LF01'], ['LB01', 'LB02', 'LC01', 'LC02', 'LC03']]"	"['LA02', 'LA03', 'LA04', 'LB01', 'LB02', 'LB03', 'LC01', 'LC02', 'LC03']"	Unknown	0	yes
HUP230	HUP230_phaseII	371979.91	372040.8	"['Clin 1', 'Clin 2', 'Clin 4']"	Spontaneous					"[371985.22, 371985.33, 371985.31]"	371985.31	"[['LC02', 'LC03'], ['LC02', 'LC03'], ['LC02', 'LC03']]"	"['LC02', 'LC03']"	"[['LA02', 'LA03', 'LB02', 'LB03', 'LC02', 'LC03'], ['LC01', 'LC02', 'LC03'], ['LB01', 'LB02', 'LB03', 'LC01', 'LC02', 'LC03']]"	"['LB02', 'LB03', 'LC01', 'LC02', 'LC03']"	Unknown	0	no
HUP235	HUP235_phaseII	17776.05	17842.51	"['Clin 1', 'Clin 5', 'Clin 2', 'Clin 4', 'Clin 3']"	Stim. Induced	LA4-LA5	1	3	500	"[17777.25, 17777.28, 17777.31, 17777.34, 17777.28]"	17777.28	"[['LA01', 'LA02', 'LA03', 'LB01', 'LB02', 'LB03', 'LB04', 'LC01', 'LC02', 'LC03', 'LI01', 'LI02', 'LI03'], ['LA01', 'LA02', 'LA03', 'LB01', 'LB02', 'LB03', 'LB04', 'LC01', 'LC02', 'LC03', 'LI01', 'LI02', 'LI03', 'LI04'], ['LA01', 'LA02', 'LA03', 'LB01', 'LB02', 'LB03', 'LB04', 'LC01', 'LC02', 'LI01', 'LI02', 'LI03'], ['LA01', 'LA02', 'LA03', 'LB01', 'LB02', 'LB03', 'LB04', 'LC01', 'LC02', 'LC03', 'LI01', 'LI02'], ['LA01', 'LA02', 'LA03', 'LB01', 'LB02', 'LB03', 'LB04', 'LC01', 'LC02', 'LI01', 'LI02', 'LI03']]"	"['LA01', 'LA02', 'LA03', 'LB01', 'LB02', 'LB03', 'LB04', 'LC01', 'LC02', 'LC03', 'LI01', 'LI02', 'LI03']"	"[['LA01', 'LA02', 'LA03', 'LA04', 'LA05', 'LB01', 'LB02', 'LB03', 'LB04', 'LB05', 'LC01', 'LC02', 'LC03', 'LC04', 'LI01', 'LI02', 'LI03'], ['LB05', 'LI05', 'LI06', 'LI07', 'LQ01', 'LY01', 'LY02', 'LY09', 'LZ01'], ['LA01', 'LA02', 'LA03', 'LA04', 'LA05', 'LB01', 'LB02', 'LB03', 'LB04', 'LC01', 'LC02', 'LI01', 'LI02', 'LI03'], ['LQ01', 'LY01', 'LY02', 'LZ01', 'LZ02'], ['LA01', 'LA02', 'LA03', 'LB01', 'LB02', 'LB03', 'LB04', 'LC01', 'LC02', 'LI01', 'LI02', 'LI03']]"	"['LA01', 'LA02', 'LA03', 'LB01', 'LB02', 'LB03', 'LB04', 'LC01', 'LC02', 'LI01', 'LI02', 'LI03']"	Typical	0	yes
HUP235	HUP235_phaseII	107374.2078	107391.19	"['Clin 1', 'Clin 5', 'Clin 2', 'Clin 4', 'Clin 3']"	Spontaneous					"[107374.73, 107379.47, 107375.0, 107374.75, 107375.28]"	107375	"[['LB03', 'LC01'], ['LC01'], ['LB03'], ['LC01'], ['LB03', 'LC01']]"	"['LB03', 'LC01']"	"[['LB02', 'LB03', 'LB04', 'LC01', 'LC02'], ['LA01', 'LB01', 'LB02', 'LB03', 'LB04', 'LC01', 'LC02', 'LI01', 'LI02'], ['LB02', 'LB03', 'LB04', 'LC01', 'LC02'], ['LB01', 'LB02', 'LB03', 'LC01', 'LC02'], ['LB01', 'LB02', 'LB03', 'LC01']]"	"['LB01', 'LB02', 'LB03', 'LB04', 'LC01', 'LC02']"	Unknown	0	no
HUP235	HUP235_phaseII	126735.8514	126757.97	"['Clin 1', 'Clin 5', 'Clin 2', 'Clin 4', 'Clin 3']"	Spontaneous					"[126735.83, 126739.617, 126739.6, 126739.61, 126739.59]"	126739.6	"[['LC01'], ['LB03', 'LC01'], ['LC01'], ['LC01'], ['LB02', 'LB03', 'LC01']]"	['LC01']	"[['LB02', 'LB03', 'LB04', 'LC01', 'LC02'], ['LA01', 'LB02', 'LB03', 'LB04', 'LC01', 'LC02', 'LI01', 'LI02'], ['LA01', 'LB01', 'LB02', 'LB03', 'LB04', 'LC01', 'LC02'], ['LB01', 'LB02', 'LB03', 'LC01', 'LC02'], ['LB02', 'LB03', 'LB04', 'LC01', 'LC02']]"	"['LB02', 'LB03', 'LB04', 'LC01', 'LC02']"	Unknown	0	no
HUP235	HUP235_phaseII	497084.3746	497216.2	"['Clin 1', 'Clin 5', 'Clin 2', 'Clin 4', 'Clin 3']"	Spontaneous					"[497084.31, 497084.27, 497084.32, 497084.29, 497085.95]"	497084.31	"[['LC01'], ['LC01'], ['LC01'], ['LC01'], ['LC01']]"	['LC01']	"[['LB02', 'LB03', 'LB04', 'LC01', 'LC02'], ['LB02', 'LB03', 'LB04', 'LC01', 'LC02'], ['LB02', 'LB03', 'LB04', 'LC01', 'LC02'], ['LB02', 'LB03', 'LB04', 'LC01'], ['LB02', 'LB03', 'LB04', 'LC01', 'LC02']]"	"['LB02', 'LB03', 'LB04', 'LC01', 'LC02']"	Unknown	0	no
HUP238	HUP238_phaseII	10640.86	10792.34	"['Clin 1', 'Clin 5', 'Clin 2', 'Clin 4', 'Clin 3']"	Stim. Induced	LC2-LC3	1	3	500	"[10653.02, 10653.16, 10652.98, 10653.04, 10653.18]"	10653.04	"[['LB01', 'LB02', 'LC01', 'LC02', 'LC03'], ['LB01', 'LB02', 'LC01', 'LC02', 'LC03'], ['LB01', 'LB02', 'LC01'], ['LB01', 'LB02', 'LC01', 'LC02', 'LC03', 'LI01'], ['LB01', 'LB02', 'LC01', 'LC02']]"	"['LB01', 'LB02', 'LC01', 'LC02', 'LC03']"	"[['LA01', 'LB01', 'LB02', 'LC01', 'LC02', 'LC03', 'LI01'], ['LA01', 'LB01', 'LB02', 'LB03', 'LC01', 'LC02', 'LC03', 'LI01'], ['LB01', 'LB02', 'LC01', 'LC02', 'LI01'], ['LA01', 'LB01', 'LB02', 'LC01', 'LC02', 'LC03', 'LI01'], ['LA01', 'LB01', 'LB02', 'LC01', 'LC02', 'LI01']]"	"['LA01', 'LB01', 'LB02', 'LC01', 'LC02', 'LC03', 'LI01']"	Typical	0	no
HUP238	HUP238_phaseII	290006.906	290152.56	"['Clin 1', 'Clin 5', 'Clin 2', 'Clin 4', 'Clin 3']"	Spontaneous					"[290008.46, 290008.61, 290009.78, 290008.61, 290008.96]"	290008.61	"[['LB01', 'LB02', 'LC01', 'LC02'], ['LB01', 'LB02', 'LB03', 'LC01', 'LC02', 'LC03', 'LI01', 'LI02', 'LI03'], ['LB01', 'LB02', 'LC01', 'LC02'], ['LC01', 'LC02'], ['LB01', 'LB02', 'LC01', 'LC02']]"	"['LB01', 'LB02', 'LC01', 'LC02']"	"[['LA01', 'LA02', 'LB01', 'LB02', 'LC01', 'LC02', 'LC03', 'LG01', 'LG02', 'LI01'], ['LA01', 'LA02', 'LA03', 'LB01', 'LB02', 'LB03', 'LC01', 'LC02', 'LC03', 'LG01', 'LG02', 'LI01', 'LI02', 'LI03'], ['LA01', 'LA02', 'LB01', 'LB02', 'LC01', 'LC02', 'LI01'], ['LA01', 'LA02', 'LA03', 'LB01', 'LB02', 'LC01', 'LC02', 'LC03', 'LG01', 'LG02', 'LI01', 'LI02'], ['LA01', 'LB01', 'LB02', 'LC01', 'LC02', 'LG01', 'LI01']]"	"['LA01', 'LA02', 'LB01', 'LB02', 'LC01', 'LC02', 'LC03', 'LG01', 'LG02', 'LI01']"	Unknown	0	yes
HUP238	HUP238_phaseII	412267.6988	412383.25	"['Clin 1', 'Clin 5', 'Clin 2', 'Clin 4', 'Clin 3']"	Spontaneous					"[412269.46, 412269.46, 412269.46, 412269.29, 412269.5]"	412269.46	"[['LC01', 'LC02'], ['LB01', 'LB02', 'LC01', 'LC02'], ['LC01', 'LC02'], ['LB01', 'LB02', 'LC01', 'LC02'], ['LC01', 'LC02']]"	"['LC01', 'LC02']"	"[['LB01', 'LB02', 'LC01', 'LC02', 'LC03', 'LG01', 'LG02', 'LI01'], ['LB01', 'LB02', 'LC01', 'LC02', 'LG01', 'LG02', 'LI01'], ['LB01', 'LB02', 'LC01', 'LC02'], ['LB01', 'LB02', 'LC01', 'LC02', 'LC03', 'LG01', 'LG02', 'LI01'], ['LB01', 'LB02', 'LC01', 'LC02']]"	"['LB01', 'LB02', 'LC01', 'LC02', 'LG01', 'LG02', 'LI01']"	Unknown	0	no
HUP238	HUP238_phaseII	465564.609	465680.72	"['Clin 1', 'Clin 5', 'Clin 2', 'Clin 4', 'Clin 3']"	Spontaneous					"[465566.01, 465565.78, 465566.05, 465566.04, 465566.07]"	465566.04	"[['LC01', 'LC02'], ['LC01', 'LC02'], ['LC01', 'LC02'], ['LB01', 'LB02', 'LC01', 'LC02'], ['LC01', 'LC02']]"	"['LC01', 'LC02']"	"[['LA01', 'LB01', 'LB02', 'LC01', 'LC02', 'LC03', 'LG01', 'LG02', 'LI01', 'LI02'], ['LA01', 'LA02', 'LB01', 'LB02', 'LB03', 'LC01', 'LC02', 'LC03', 'LG01', 'LG02', 'LI01', 'LI02'], ['LA01', 'LA02', 'LA03', 'LB01', 'LB02', 'LB03', 'LC01', 'LC02', 'LC03', 'LG01', 'LG02', 'LI01', 'LI02'], ['LA01', 'LA02', 'LA03', 'LA04', 'LA05', 'LA06', 'LA07', 'LB01', 'LB02', 'LB03', 'LC01', 'LC02', 'LC03', 'LG01', 'LG02', 'LG03', 'LI01', 'LI02', 'LI03'], ['LA01', 'LA02', 'LB01', 'LB02', 'LC01', 'LC02', 'LI01']]"	"['LA01', 'LA02', 'LB01', 'LB02', 'LB03', 'LC01', 'LC02', 'LC03', 'LG01', 'LG02', 'LI01', 'LI02']"	Unknown	0	no
HUP246	HUP246_phaseII	14638.42	14723.27	"['Clin 1', 'Clin 5', 'Clin 2', 'Clin 4', 'Clin 3']"	Stim. Induced	LB2-LB3	1	3	500	"[14638.66, 14638.71, 14638.74, 14639.76, 14643.01]"	14638.74	"[['LA01', 'LA02', 'LA03', 'LA04', 'LB01', 'LB02', 'LB03', 'LC01', 'LC02', 'LC03'], ['LA01', 'LA02', 'LA03', 'LA04', 'LB01', 'LB02', 'LB03', 'LC01', 'LC02', 'LC03'], ['LA01', 'LA02', 'LA03', 'LA04', 'LB01', 'LB02', 'LB03', 'LC01', 'LC02', 'LC03'], ['LA01', 'LA02', 'LA03', 'LA04', 'LB01', 'LC01', 'LC02'], ['LA01', 'LA02', 'LA03', 'LA04', 'LB01', 'LB02', 'LB03', 'LC01', 'LC02', 'LC03']]"	"['LA01', 'LA02', 'LA03', 'LA04', 'LB01', 'LB02', 'LB03', 'LC01', 'LC02', 'LC03']"	"[['LA01', 'LA02', 'LA03', 'LA04', 'LB01', 'LB02', 'LB03', 'LC01', 'LC02', 'LC03', 'LF01'], ['LA01', 'LA02', 'LA03', 'LA04', 'LB01', 'LB02', 'LB03', 'LC01', 'LC02', 'LC03', 'LF01', 'LF02'], ['LA01', 'LA02', 'LA03', 'LA04', 'LB01', 'LB02', 'LB03', 'LC01', 'LC02', 'LC03', 'LF01'], ['LA01', 'LA02', 'LA03', 'LA04', 'LA05', 'LB01', 'LB02', 'LB03', 'LB04', 'LC01', 'LC02', 'LC03', 'LC04', 'LF01', 'LF02', 'LF03', 'LF04'], ['LA01', 'LA02', 'LA03', 'LA04', 'LB01', 'LB02', 'LB03', 'LC01', 'LC02', 'LC03', 'LF01']]"	"['LA01', 'LA02', 'LA03', 'LA04', 'LB01', 'LB02', 'LB03', 'LC01', 'LC02', 'LC03', 'LF01']"	Typical	0	no
HUP246	HUP246_phaseII	754436.4317	754569.58	"['Clin 1', 'Clin 5', 'Clin 2', 'Clin 4', 'Clin 3']"	Spontaneous					"[754437.31, 754436.58, 754437.79, 754436.4, 754439.04]"	754437.31	"[['LB01', 'LB02', 'LC01', 'LC02', 'LC03'], ['LB01', 'LB02', 'LC01', 'LC02', 'LC03'], ['LB01', 'LB02', 'LB03', 'LC01', 'LC02', 'LC03'], ['LB01', 'LB02', 'LB03', 'LC01', 'LC02', 'LC03'], ['LA01', 'LA02', 'LA03', 'LB01', 'LB02', 'LC01', 'LC02', 'LC03']]"	"['LB01', 'LB02', 'LC01', 'LC02', 'LC03']"	"[['LA01', 'LA02', 'LA03', 'LA04', 'LB01', 'LB02', 'LB03', 'LC01', 'LC02', 'LC03', 'LF01', 'LF02'], ['LA01', 'LA02', 'LA03', 'LA04', 'LB01', 'LB02', 'LB03', 'LC01', 'LC02', 'LC03', 'LF01', 'LF02'], ['LA01', 'LA02', 'LA03', 'LA04', 'LB01', 'LB02', 'LB03', 'LC01', 'LC02', 'LC03', 'LF01', 'LF02'], ['LA01', 'LA02', 'LA03', 'LA04', 'LB01', 'LB02', 'LB03', 'LC01', 'LC02', 'LC03', 'LF01', 'LF02', 'LF03'], ['LA01', 'LA02', 'LA03', 'LB01', 'LB02', 'LC01', 'LC02', 'LC03', 'LF01', 'LF02']]"	"['LA01', 'LA02', 'LA03', 'LA04', 'LB01', 'LB02', 'LB03', 'LC01', 'LC02', 'LC03', 'LF01', 'LF02']"	Unknown	0	yes
HUP247	HUP247_CCEP	15093.12	15117.52	"['Clin 5', 'Clin 4', 'Clin 3']"	Stim. Induced	RP2-RP3	1	3	500	"[15096.38726, 15096.44, 15097.04]"	15096.44	"[['RP01', 'RP02', 'RP03', 'RP04', 'RV05', 'RV06', 'RW04', 'RW05', 'RW06'], ['RP01', 'RV05', 'RV06', 'RW04', 'RW05', 'RW06'], ['RV05', 'RV06']]"	"['RP01', 'RV05', 'RV06', 'RW04', 'RW05', 'RW06']"	"[['RP01', 'RP02', 'RP03', 'RP04', 'RV05', 'RV06', 'RV07', 'RV08', 'RV09', 'RW04', 'RW05', 'RW06', 'RW07', 'RW08'], ['RP01', 'RV05', 'RV06', 'RV07', 'RV08', 'RW04', 'RW05', 'RW06'], ['RP04', 'RP05', 'RP06', 'RV04', 'RV05', 'RV06', 'RV07', 'RV08', 'RW03', 'RW05', 'RW07']]"	"['RP01', 'RP04', 'RV05', 'RV06', 'RV07', 'RV08', 'RW04', 'RW05', 'RW06', 'RW07']"	Atypical	0	no
HUP247	HUP247_phaseII	20694.88	20721.33	"['Clin 5', 'Clin 4', 'Clin 3']"	Spontaneous					"[20694.79136, 20694.82, 20692.79]"	20694.79136	"[['RP01', 'RP02', 'RP03', 'RV05', 'RV06', 'RW04', 'RW05', 'RW06'], ['RP01', 'RP02', 'RP03', 'RP04', 'RV01', 'RV02', 'RV03', 'RV04', 'RV05', 'RV06', 'RV07', 'RV08', 'RV09', 'RW01', 'RW02', 'RW03', 'RW04', 'RW05', 'RW06', 'RW07'], ['RP01', 'RP02']]"	"['RP01', 'RP02', 'RP03', 'RV05', 'RV06', 'RW04', 'RW05', 'RW06']"	"[['RP01', 'RP02', 'RP03', 'RP04', 'RV05', 'RV06', 'RV07', 'RV08', 'RW04', 'RW05', 'RW06'], ['RP01', 'RP02', 'RP03', 'RP04', 'RV01', 'RV02', 'RV03', 'RV04', 'RV05', 'RV06', 'RV07', 'RV08', 'RV09', 'RW01', 'RW02', 'RW03', 'RW04', 'RW05', 'RW06', 'RW07'], ['RP01', 'RP02', 'RP03', 'RP04', 'RV04', 'RV05', 'RV06', 'RV07', 'RV08', 'RW03', 'RW05', 'RW07']]"	"['RP01', 'RP02', 'RP03', 'RP04', 'RV04', 'RV05', 'RV06', 'RV07', 'RV08', 'RW03', 'RW04', 'RW05', 'RW06', 'RW07']"	Unknown	1	no
HUP247	HUP247_phaseII	263028.9	263055.43	"['Clin 5', 'Clin 4', 'Clin 3']"	Spontaneous					"[263028.8541, 263028.89, 263028.87]"	263028.87	"[['RP01', 'RP02', 'RP03'], ['RP01', 'RP02', 'RP03', 'RP04', 'RV01', 'RV02', 'RV03', 'RV04', 'RV05', 'RV06', 'RV07', 'RV08', 'RV09', 'RW01', 'RW02', 'RW03', 'RW04', 'RW05', 'RW06', 'RW07'], ['RP01', 'RP02']]"	"['RP01', 'RP02', 'RP03']"	"[['RP01', 'RP02', 'RP03', 'RV06', 'RV07', 'RV08', 'RV09'], ['RP01', 'RP02', 'RP03', 'RP04', 'RV01', 'RV02', 'RV03', 'RV04', 'RV05', 'RV06', 'RV07', 'RV08', 'RV09', 'RW01', 'RW02', 'RW03', 'RW04', 'RW05', 'RW06', 'RW07'], ['RP01', 'RP02', 'RP03']]"	"['RP01', 'RP02', 'RP03', 'RV06', 'RV07', 'RV08', 'RV09']"	Unknown	1	no
HUP247	HUP247_phaseII	453842.37	453867.84	"['Clin 5', 'Clin 4', 'Clin 3']"	Spontaneous					"[453844.5219, 453842.38, 453842.56]"	453842.56	"[['RP01', 'RP02', 'RP03'], ['RP02', 'RP03'], ['RP01', 'RP02']]"	"['RP01', 'RP02', 'RP03']"	"[['RP01', 'RP02', 'RP03', 'RP04', 'RV05', 'RV06', 'RV07', 'RV08', 'RV09', 'RW01', 'RW02', 'RW03', 'RW04', 'RW05', 'RW06', 'RW07'], ['RP01', 'RP02', 'RP03', 'RP04', 'RV01', 'RV02', 'RV03'], ['RP01', 'RP02', 'RP03', 'RV04', 'RV05', 'RV06', 'RV07', 'RV08', 'RW04', 'RW05', 'RW06', 'RW07']]"	"['RP01', 'RP02', 'RP03', 'RP04', 'RV05', 'RV06', 'RV07', 'RV08', 'RW04', 'RW05', 'RW06', 'RW07']"	Unknown	1	no
HUP249	HUP249_phaseII	16147.89	16189.02	"['Clin 5', 'Clin 2', 'Clin 3']"	Stim. Induced	RB1-RB2	1	3	500	"[16148.89085, 16147.86, 16149.02]"	16148.89085	"[['RA01', 'RA02', 'RA03', 'RA04', 'RB01', 'RB02', 'RC01', 'RC02'], ['RA01', 'RA02', 'RA03', 'RC01', 'RC02'], ['RA01', 'RA02', 'RA03']]"	"['RA01', 'RA02', 'RA03', 'RC01', 'RC02']"	"[['RA01', 'RA02', 'RA03', 'RA04', 'RB01', 'RB02', 'RB03', 'RC01', 'RC02'], ['RA01', 'RA02', 'RA03', 'RB01', 'RB02', 'RC01', 'RC02'], ['RA01', 'RA02', 'RA03', 'RB03', 'RB04', 'RC01', 'RC02']]"	"['RA01', 'RA02', 'RA03', 'RB01', 'RB02', 'RB03', 'RC01', 'RC02']"	Atypical	0	no
HUP249	HUP249_phaseII	165399.88	165490.4	"['Clin 5', 'Clin 2', 'Clin 3']"	Spontaneous					"[165399.8253, 165399.83, 165401.4]"	165399.83	"[['RA07', 'RA08', 'RA09', 'RB09', 'RC07', 'RC08', 'RC09', 'RC10', 'RD01', 'RD02', 'RD03', 'RD04', 'RD05', 'RD06', 'RD07', 'RI01', 'RI02', 'RI03', 'RI04', 'RI05', 'RO01', 'RO02', 'RO03', 'RO04', 'RO05', 'RQ04', 'RQ05', 'RQ06', 'RX11', 'RX12'], ['RA06', 'RA07', 'RA08', 'RA09', 'RB08', 'RB09', 'RC07', 'RC08', 'RD02', 'RD03', 'RD04', 'RD05', 'RI03', 'RI04', 'RI05', 'RO03', 'RO04', 'RX11'], ['RA01', 'RA02', 'RA03']]"	"['RA07', 'RA08', 'RA09', 'RB09', 'RC07', 'RC08', 'RD02', 'RD03', 'RD04', 'RD05', 'RI03', 'RI04', 'RI05', 'RO03', 'RO04', 'RX11']"	"[['LQ01', 'LQ02', 'RA01', 'RA02', 'RA03', 'RA04', 'RA05', 'RA06', 'RA07', 'RA08', 'RA09', 'RA10', 'RB03', 'RB04', 'RB05', 'RB06', 'RB07', 'RB08', 'RB09', 'RB10', 'RC01', 'RC02', 'RC07', 'RC08', 'RC09', 'RD01', 'RD02', 'RD03', 'RD04', 'RD05', 'RD06', 'RD07', 'RD08', 'RI01', 'RI02', 'RI03', 'RI04', 'RI05', 'RI06', 'RO01', 'RO02', 'RO03', 'RO04', 'RO05', 'RQ01', 'RQ02', 'RQ03', 'RQ04', 'RQ05', 'RQ06', 'RQ07', 'RS01', 'RS02', 'RS03', 'RX11', 'RX12', 'RZ01'], ['RA01', 'RA02', 'RA03', 'RA07', 'RA08', 'RA09', 'RB08', 'RB09', 'RC07', 'RC08', 'RD03', 'RD04', 'RD05', 'RD06', 'RI01', 'RI02', 'RI03', 'RI04', 'RI05', 'RS02', 'RS03'], ['RA01', 'RA02', 'RB01', 'RB02']]"	"['RA01', 'RA02', 'RA03', 'RA07', 'RA08', 'RA09', 'RB08', 'RB09', 'RC07', 'RC08', 'RD03', 'RD04', 'RD05', 'RD06', 'RI01', 'RI02', 'RI03', 'RI04', 'RI05', 'RS02', 'RS03']"	Unknown	0	no
HUP249	HUP249_phaseII	187227.82	187273.11	"['Clin 5', 'Clin 2', 'Clin 3']"	Spontaneous					"[187227.9477, 187227.82, 187229.07]"	187227.9477	"[['LB01', 'LB02'], ['LB01', 'LB02', 'LB03'], ['LB01', 'LB02']]"	"['LB01', 'LB02']"	"[['LA01', 'LA02', 'LB01', 'LB02', 'LB03'], ['LB01', 'LB02', 'LB03'], ['LA01', 'LB01', 'LB02']]"	"['LA01', 'LB01', 'LB02', 'LB03']"	Unknown	0	no
HUP249	HUP249_phaseII	439029.32	439135.78	"['Clin 5', 'Clin 2', 'Clin 3']"	Stim. Induced					"[439029.1805, 439029.69, 439043.45]"	439029.69	"[['RB01', 'RB02', 'RC01', 'RC02', 'RD05', 'RQ01'], ['RB01', 'RB02', 'RB03', 'RC01', 'RC02'], ['RA01', 'RA02']]"	"['RB01', 'RB02', 'RC01', 'RC02']"	"[['RA01', 'RA02', 'RA03', 'RA04', 'RA05', 'RA06', 'RA07', 'RA08', 'RA09', 'RB01', 'RB02', 'RC01', 'RC02', 'RC03', 'RC07', 'RC08', 'RC09', 'RC10', 'RD03', 'RD04', 'RD05', 'RI01', 'RI02', 'RI03', 'RI04', 'RI05', 'RI06', 'RQ01', 'RQ02', 'RS03', 'RZ01', 'RZ02'], ['RA07', 'RA08', 'RB01', 'RB02', 'RB03', 'RC01', 'RC02', 'RC03', 'RC07', 'RC08', 'RC09', 'RD05', 'RD06', 'RI01', 'RI02', 'RI03', 'RI04', 'RI05', 'RI06'], ['RA01', 'RA02', 'RA03', 'RB01', 'RB02']]"	"['RA01', 'RA02', 'RA03', 'RA07', 'RA08', 'RB01', 'RB02', 'RC01', 'RC02', 'RC03', 'RC07', 'RC08', 'RC09', 'RD05', 'RI01', 'RI02', 'RI03', 'RI04', 'RI05', 'RI06']"	Unknown	0	yes
HUP250	HUP250_CCEP	17184.14	17220.99	"['Clin 1', 'Clin 5', 'Clin 4']"	Stim. Induced	LB3-LB4	1	3	500	"[17184.1, 17184.06583, 17184.15]"	17184.1	"[['LA01', 'LA03', 'LA05', 'LB01', 'LB03', 'LB05', 'LC01', 'LC03', 'LC05', 'LC07', 'LC09', 'LC11', 'LF01', 'LF03'], ['LB01', 'LB02', 'LB03', 'LB04', 'LC01', 'LC02'], ['LA01', 'LA02', 'LB01', 'LB02', 'LB03', 'LB04', 'LC01', 'LC02']]"	"['LA01', 'LB01', 'LB02', 'LB03', 'LB04', 'LC01', 'LC02']"	"[['LA01', 'LA03', 'LA05', 'LB01', 'LB03', 'LB05', 'LC01', 'LC03', 'LC05', 'LC07', 'LC09', 'LC11', 'LF01', 'LF03', 'LI01', 'LI03', 'RB01', 'RB03', 'RB05'], ['LA01', 'LA02', 'LA03', 'LA04', 'LA05', 'LA06', 'LA07', 'LB01', 'LB02', 'LB03', 'LB04', 'LB05', 'LB06', 'LB07', 'LB08', 'LB09', 'LC01', 'LC02', 'LC03', 'LC04', 'LC05', 'LC06', 'LC07', 'LC08', 'LC09', 'LF01', 'LF02', 'LF03', 'LFP09', 'LFP10', 'LFP11', 'LI01', 'LI02', 'LI03', 'LI04', 'LI05', 'LI06', 'LO01', 'LO02', 'LO03', 'LO04', 'LO05', 'LO06', 'LO07', 'LO08', 'LO09', 'LO10', 'LO11', 'LO12', 'LQ01', 'LQ02', 'LQ03', 'LQ04', 'LQ05', 'LT01', 'LT02', 'LT03', 'LX01', 'LX02', 'LX03', 'LX04', 'LX05', 'LX06', 'LX07', 'LX08', 'LX09', 'LX10', 'LY01', 'LY02', 'LY03', 'LY04', 'LY05', 'LY06', 'LY07', 'LY08', 'LY09', 'LY10', 'LZ01', 'LZ02', 'RB01', 'RB02', 'RB03'], ['LA01', 'LA02', 'LB01', 'LB02', 'LB03', 'LB04', 'LC01', 'LC02', 'RB02']]"	"['LA01', 'LA02', 'LA03', 'LA05', 'LB01', 'LB02', 'LB03', 'LB04', 'LB05', 'LC01', 'LC02', 'LC03', 'LC05', 'LC07', 'LC09', 'LF01', 'LF03', 'LI01', 'LI03', 'RB01', 'RB02', 'RB03']"	Typical	0	yes
HUP250	HUP250_phaseII	209153.58	209209.18	"['Clin 1', 'Clin 5', 'Clin 4']"	Spontaneous					"[209158.43, 209152.0615, 209152.09]"	209152.09	"[['RB01', 'RB02', 'RB03'], ['RB01', 'RB02'], ['RB01', 'RB02']]"	"['RB01', 'RB02']"	"[['RA01', 'RA02', 'RA03', 'RB01', 'RB02', 'RB03'], ['RA01', 'RA02', 'RA03', 'RB01', 'RB02', 'RB03'], ['LC01', 'LC02', 'RA01', 'RA02', 'RA03', 'RB01', 'RB02', 'RB03']]"	"['RA01', 'RA02', 'RA03', 'RB01', 'RB02', 'RB03']"	Unknown	1	no
HUP250	HUP250_phaseII	271748.81	271792.54	"['Clin 1', 'Clin 5', 'Clin 4']"	Spontaneous					"[271752.88, 271752.1689, 271749.08]"	271752.1689	"[['LC01', 'LC02', 'RB01', 'RB02', 'RB03'], ['RB01', 'RB02', 'RB03'], ['LC08', 'LC09', 'LC10']]"	"['RB01', 'RB02', 'RB03']"	"[['RA01', 'RA02', 'RA03', 'RB01', 'RB02', 'RB03'], ['RA01', 'RA02', 'RA03', 'RA04', 'RB01', 'RB02', 'RB03'], ['LC08', 'LC09', 'LC10', 'RA01', 'RA02', 'RA03', 'RB01', 'RB02']]"	"['RA01', 'RA02', 'RA03', 'RB01', 'RB02', 'RB03']"	Unknown	1	no
HUP250	HUP250_phaseII	448880.74	448935.18	"['Clin 1', 'Clin 5', 'Clin 4']"	Spontaneous					"[448885.8, 448882.3207, 448882.66]"	448882.66	"[['RB01', 'RB02', 'RB03'], ['RB01', 'RB02'], ['RB01', 'RB02']]"	"['RB01', 'RB02']"	"[['RA01', 'RA02', 'RA03', 'RA04', 'RB01', 'RB02', 'RB03'], ['RA01', 'RA02', 'RA03', 'RB01', 'RB02', 'RB03'], ['RA01', 'RA02', 'RA03', 'RB01', 'RB02', 'RB03']]"	"['RA01', 'RA02', 'RA03', 'RB01', 'RB02', 'RB03']"	Unknown	1	no
HUP253	HUP253_CCEP	15516.73	15553.41	"['Clin 1', 'Clin 2', 'Clin 3']"	Stim. Induced	RB2-RB3	1	3	500	"[15516.67, 15516.76, 15516.83]"	15516.76	"[['RB02', 'RB03', 'RC02'], ['RB01', 'RC01', 'RC02'], ['RC01', 'RC02']]"	"['RC01', 'RC02']"	"[['RA02', 'RA03', 'RA04', 'RB02', 'RB03', 'RC02', 'RX01'], ['RB01', 'RB02', 'RB03', 'RC01', 'RC02', 'RD01', 'RD02', 'RX01'], ['RB01', 'RB02', 'RB03', 'RC01', 'RC02', 'RX01']]"	"['RB01', 'RB02', 'RB03', 'RC01', 'RC02', 'RX01']"	Typical	0	no
HUP253	HUP253_phaseII	45666.63	45701.94	"['Clin 1', 'Clin 2', 'Clin 3']"	Spontaneous					"[45666.68, 45666.64, 45666.99]"	45666.68	"[['RB01', 'RB02', 'RB03', 'RC01', 'RC02', 'RI01', 'RI02', 'RI05', 'RI06'], ['RB01', 'RB02', 'RB03', 'RC01', 'RC02'], ['RB01', 'RB02', 'RC01']]"	"['RB01', 'RB02', 'RB03', 'RC01', 'RC02']"	"[['RA01', 'RA02', 'RA03', 'RA04', 'RA05', 'RB01', 'RB02', 'RB03', 'RB04', 'RC01', 'RC02', 'RC03', 'RD01', 'RD02', 'RD03', 'RI01', 'RI02', 'RI03', 'RI04', 'RI05', 'RI06', 'RX01', 'RX02'], ['RA01', 'RA02', 'RA03', 'RB01', 'RB02', 'RB03', 'RB04', 'RC01', 'RC02', 'RD01', 'RD02', 'RX01'], ['RA01', 'RA02', 'RA03', 'RA04', 'RA05', 'RB01', 'RB02', 'RB03', 'RC01', 'RC02', 'RC03', 'RX02']]"	"['RA01', 'RA02', 'RA03', 'RA04', 'RA05', 'RB01', 'RB02', 'RB03', 'RB04', 'RC01', 'RC02', 'RC03', 'RD01', 'RD02', 'RX01', 'RX02']"	Unknown	1	no
HUP253	HUP253_phaseII	68657.34	68689.13	"['Clin 1', 'Clin 2', 'Clin 3']"	Spontaneous					"[68656.52, 68657.34, 68657.93]"	68657.34	"[['RB01', 'RB02', 'RB03', 'RC01', 'RC02'], ['RB01', 'RB02', 'RC01', 'RC02'], ['RB01', 'RB02', 'RC01']]"	"['RB01', 'RB02', 'RC01', 'RC02']"	"[['RA01', 'RA02', 'RA03', 'RA04', 'RA05', 'RB01', 'RB02', 'RB03', 'RB04', 'RC01', 'RC02', 'RD01', 'RD02', 'RD03', 'RD04', 'RI01', 'RI02', 'RI03', 'RI04', 'RI05', 'RI06', 'RX01', 'RX02'], ['RB01', 'RB02', 'RB03', 'RC01', 'RC02', 'RD01', 'RD02', 'RD03', 'RX01'], ['RA03', 'RA04', 'RA05', 'RB01', 'RB02', 'RB03', 'RC01', 'RC02', 'RD01', 'RD02', 'RD03', 'RX01']]"	"['RA03', 'RA04', 'RA05', 'RB01', 'RB02', 'RB03', 'RC01', 'RC02', 'RD01', 'RD02', 'RD03', 'RX01']"	Unknown	1	yes
HUP253	HUP253_phaseII	286026.36	286062.06	"['Clin 1', 'Clin 2', 'Clin 3']"	Spontaneous					"[286028.03, 286028.32, 286030.67]"	286028.32	"[['RB01', 'RB02', 'RB03', 'RC01', 'RC02', 'RI01', 'RI02'], ['RB01', 'RB02', 'RB03', 'RC01', 'RC02'], ['RB01', 'RB02', 'RB03', 'RC01']]"	"['RB01', 'RB02', 'RB03', 'RC01', 'RC02']"	"[['RA01', 'RA02', 'RA03', 'RA04', 'RA05', 'RB01', 'RB02', 'RB03', 'RB04', 'RC01', 'RC02', 'RD01', 'RD02', 'RD03', 'RD04', 'RI01', 'RI02', 'RI03', 'RI04', 'RX01'], ['RA01', 'RA02', 'RA03', 'RB01', 'RB02', 'RB03', 'RB04', 'RC01', 'RC02', 'RD01', 'RD03'], ['RA02', 'RA03', 'RA04', 'RA05', 'RB01', 'RB02', 'RB03', 'RB04', 'RC01', 'RC02', 'RD01', 'RD02', 'RD03', 'RX01']]"	"['RA01', 'RA02', 'RA03', 'RA04', 'RA05', 'RB01', 'RB02', 'RB03', 'RB04', 'RC01', 'RC02', 'RD01', 'RD02', 'RD03', 'RX01']"	Unknown	1	no
HUP257	HUP257_CCEP	8576.79	8644.13	"['Clin 1', 'Clin 5', 'Clin 2']"	Stim. Induced	RB2-RB3	1	3	500	"[8576.75, 8576.724706, 8576.91]"	8576.75	"[['RA02', 'RA03', 'RB02', 'RB03', 'RB04', 'RC02', 'RC03'], ['RA01', 'RA02', 'RA03', 'RB01', 'RB02', 'RB03', 'RB04', 'RC01', 'RC02', 'RC03'], ['RA01', 'RA02', 'RA03', 'RB01', 'RB02', 'RB03', 'RC01', 'RC02']]"	"['RA01', 'RA02', 'RA03', 'RB01', 'RB02', 'RB03', 'RB04', 'RC01', 'RC02', 'RC03']"	"[['RA02', 'RA03', 'RB02', 'RB03', 'RB04', 'RC02', 'RC03', 'RI01'], ['RA01', 'RA02', 'RA03', 'RB01', 'RB02', 'RB03', 'RB04', 'RC01', 'RC02', 'RC03', 'RI01', 'RI02', 'RI03', 'RI04', 'RI05'], ['RA01', 'RA02', 'RA03', 'RB01', 'RB02', 'RB03', 'RC01', 'RC02']]"	"['RA01', 'RA02', 'RA03', 'RB01', 'RB02', 'RB03', 'RB04', 'RC01', 'RC02', 'RC03', 'RI01']"	Typical	0	yes
HUP257	HUP257_phaseII	387681.65	387905.13	"['Clin 1', 'Clin 5', 'Clin 2']"	Spontaneous					"[387681.79, 387682.8566, 387682.73]"	387682.73	"[['RA02', 'RA03', 'RB02', 'RB03', 'RB04', 'RC02', 'RC03'], ['RB01', 'RB02', 'RB03', 'RC01', 'RC02'], ['RB01', 'RB02', 'RB03', 'RC01', 'RC02']]"	"['RB01', 'RB02', 'RB03', 'RC01', 'RC02']"	"[['RA02', 'RA03', 'RB02', 'RB03', 'RB04', 'RC02', 'RC03'], ['RA01', 'RA02', 'RA03', 'RB01', 'RB02', 'RB03', 'RC01', 'RC02'], ['RA01', 'RA02', 'RA03', 'RB01', 'RB02', 'RB03', 'RC01', 'RC02']]"	"['RA01', 'RA02', 'RA03', 'RB01', 'RB02', 'RB03', 'RC01', 'RC02']"	Unknown	1	yes
HUP257	HUP257_phaseII	412046.14	412177.16	"['Clin 1', 'Clin 5', 'Clin 2']"	Spontaneous					"[412046.31, 412047.0733, 412047.12]"	412047.0733	"[['RA02', 'RA03', 'RA04', 'RB02', 'RB03', 'RB04', 'RC02', 'RC03'], ['RA01', 'RA02', 'RA03', 'RB01', 'RB02', 'RB03', 'RC01', 'RC02', 'RD01', 'RD02'], ['RB01', 'RB02', 'RB03', 'RC01', 'RC02']]"	"['RA02', 'RA03', 'RB01', 'RB02', 'RB03', 'RC01', 'RC02']"	"[['RA02', 'RA03', 'RA04', 'RB02', 'RB03', 'RB04', 'RC02', 'RC03'], ['RA01', 'RA02', 'RA03', 'RB01', 'RB02', 'RB03', 'RC01', 'RC02', 'RC03', 'RD01', 'RD02'], ['RA01', 'RA02', 'RA03', 'RB01', 'RB02', 'RB03', 'RC01', 'RC02']]"	"['RA01', 'RA02', 'RA03', 'RB01', 'RB02', 'RB03', 'RC01', 'RC02', 'RC03']"	Unknown	1	yes
HUP257	HUP257_phaseII	443897.33	444000.86	"['Clin 1', 'Clin 5', 'Clin 2']"	Spontaneous					"[443900.17, 443900.8676, 443900.9]"	443900.8676	"[['RA02', 'RA03', 'RA04', 'RB02', 'RB03', 'RB04', 'RC02', 'RC03'], ['RA01', 'RA02', 'RA03', 'RB01', 'RB02', 'RB03', 'RB04', 'RC01', 'RC02', 'RC03', 'RD01', 'RD02', 'RD03'], ['RB01', 'RB02', 'RB03', 'RC01', 'RC02']]"	"['RA02', 'RA03', 'RB01', 'RB02', 'RB03', 'RB04', 'RC01', 'RC02', 'RC03']"	"[['RA02', 'RA03', 'RA04', 'RB02', 'RB03', 'RB04', 'RC02', 'RC03'], ['RA01', 'RA02', 'RA03', 'RA04', 'RB01', 'RB02', 'RB03', 'RB04', 'RC01', 'RC02', 'RC03', 'RD01', 'RD02', 'RD03', 'RI01', 'RI02', 'RI03', 'RI04'], ['RA01', 'RA02', 'RB01', 'RB02', 'RB03', 'RC01', 'RC02']]"	"['RA01', 'RA02', 'RA03', 'RA04', 'RB01', 'RB02', 'RB03', 'RB04', 'RC01', 'RC02', 'RC03']"	Unknown	1	yes
HUP261	HUP261_phaseII	271899.6915	272103.57	"['Clin 1', 'Clin 5', 'Clin 2']"	Spontaneous					"[271902.14, 271902.307, 271902.18]"	271902.18	"[['RA01', 'RB01'], ['RA01', 'RA02', 'RB01', 'RB02'], ['RA01', 'RA02', 'RB01', 'RB02']]"	"['RA01', 'RA02', 'RB01', 'RB02']"	"[['RA01', 'RB01', 'RC01'], ['RA01', 'RA02', 'RB01', 'RB02', 'RC01', 'RC02'], ['RA01', 'RA02', 'RB01', 'RB02', 'RC01', 'RC02']]"	"['RA01', 'RA02', 'RB01', 'RB02', 'RC01', 'RC02']"	Unknown	0	yes
HUP263	HUP263_phaseII	89587.35079	89720.67	"['Clin 2', 'Clin 4', 'Clin 3']"	Stim. Induced	LB1-LB2	1	3	500	"[89587.23, 89587.31, 89587.45]"	89587.31	"[['LA01', 'LA02', 'LA03', 'LB01', 'LB02', 'LC01', 'LC02', 'LC03', 'LD01', 'LD02', 'LD03', 'LE01', 'LE02'], ['LA01', 'LA02', 'LA03', 'LB01', 'LB02', 'LC01', 'LC02', 'LC03', 'LD01', 'LD02', 'LE01', 'LE02', 'LE03'], ['LA01', 'LA02', 'LA03', 'LB01', 'LB02', 'LB03', 'LD01', 'LD02', 'LE01', 'LE02']]"	"['LA01', 'LA02', 'LA03', 'LB01', 'LB02', 'LC01', 'LC02', 'LC03', 'LD01', 'LD02', 'LE01', 'LE02']"	"[['LB01', 'LB02', 'LB03', 'LC01', 'LC02', 'LC03', 'LD01', 'LD02', 'LE01', 'LE02', 'LE03', 'LE04'], ['LB01', 'LB02', 'LC01', 'LC02', 'LC03', 'LD01', 'LD02', 'LE01', 'LE02', 'LE03'], ['LA01', 'LA02', 'LA03', 'LB01', 'LB02', 'LB03', 'LC01', 'LC02', 'LC03', 'LD01', 'LD02', 'LE01', 'LE02', 'LE03']]"	"['LB01', 'LB02', 'LB03', 'LC01', 'LC02', 'LC03', 'LD01', 'LD02', 'LE01', 'LE02', 'LE03']"	Typical	0	yes
HUP263	HUP263_phaseII	212899.2601	212962.32	"['Clin 2', 'Clin 4', 'Clin 3']"	Spontaneous					"[212899.54, 212899.49, 212899.25]"	212899.49	"[['LC01', 'LD01'], ['LD01'], ['LD01']]"	['LD01']	"[['LA01', 'LA02', 'LB01', 'LB02', 'LC01', 'LC02', 'LD01', 'LD02', 'LD03', 'LE01'], ['LB01', 'LB02', 'LB03', 'LB04', 'LC01', 'LC02', 'LC03', 'LD01', 'LD02', 'LE01', 'LE02'], ['LB01', 'LB02', 'LB03', 'LC01', 'LC02', 'LC03', 'LD01', 'LD02', 'LE01', 'LE02']]"	"['LB01', 'LB02', 'LB03', 'LC01', 'LC02', 'LC03', 'LD01', 'LD02', 'LE01', 'LE02']"	Unknown	0	yes
HUP263	HUP263_phaseII	272461.8305	272529.97	"['Clin 2', 'Clin 4', 'Clin 3']"	Spontaneous					"[272461.42, 272461.47, 272461.47]"	272461.47	"[['LB01', 'LB02', 'LC02', 'LD01', 'LE01', 'LE02'], ['LB01', 'LB02', 'LC02', 'LD01', 'LE01', 'LE02'], ['LB01', 'LB02', 'LC01', 'LC02', 'LD01', 'LE01', 'LE02']]"	"['LB01', 'LB02', 'LC02', 'LD01', 'LE01', 'LE02']"	"[['LA01', 'LA02', 'LA03', 'LB01', 'LB02', 'LC01', 'LC02', 'LC03', 'LD02', 'LD03', 'LD04', 'LD05', 'LD06', 'LE01', 'LE02', 'LE03', 'LI01', 'LI02'], ['LA01', 'LA02', 'LA03', 'LA04', 'LA05', 'LB01', 'LB02', 'LC01', 'LC02', 'LC03', 'LD01', 'LD02', 'LD03', 'LD04', 'LE01', 'LE02', 'LE03', 'LI01', 'LI02'], ['LA01', 'LA02', 'LA03', 'LA04', 'LB01', 'LB02', 'LC01', 'LC02', 'LC03', 'LD01', 'LD02', 'LE01', 'LE02', 'LI01', 'LI02']]"	"['LA01', 'LA02', 'LA03', 'LA04', 'LB01', 'LB02', 'LC01', 'LC02', 'LC03', 'LD01', 'LD02', 'LD03', 'LD04', 'LE01', 'LE02', 'LE03', 'LI01', 'LI02']"	Unknown	0	no
HUP266	HUP266_phaseII	12508.67	12553.34	"['Clin 1', 'Clin 5', 'Clin 4']"	Stim. Induced	R1PO2-R1PO3	1	3	500	"[12510.19, 12510.16171, 12510.14]"	12510.16171	"[['RC02', 'RC03'], ['RC01', 'RC02', 'RC03'], ['RC02']]"	"['RC02', 'RC03']"	"[['RB02', 'RB03', 'RC02', 'RC03'], ['R1PO01', 'R1PO02', 'RB01', 'RB02', 'RB03', 'RC01', 'RC02', 'RC03'], ['R1PO01', 'R1PO02', 'RC01', 'RC02', 'RC03']]"	"['R1PO01', 'R1PO02', 'RB02', 'RB03', 'RC01', 'RC02', 'RC03']"	Atypical	0	no
HUP266	HUP266_phaseII	253214.7156	253254.92	"['Clin 1', 'Clin 5', 'Clin 4']"	Spontaneous					"[253213.13, 253213.1972, 253212.68]"	253213.13	"[['RC02'], ['RC01', 'RC02'], ['RC01', 'RC02']]"	"['RC01', 'RC02']"	"[['RC02'], ['R1PO01', 'R1PO02', 'RC01', 'RC02'], ['R1PO01', 'R1PO02', 'RC01', 'RC02']]"	"['R1PO01', 'R1PO02', 'RC01', 'RC02']"	Unknown	0	no
HUP266	HUP266_phaseII	301581.35	301824.38	"['Clin 1', 'Clin 5', 'Clin 4']"	Spontaneous					"[301584.22, 301584.1639, 301584.09]"	301584.1639	"[['R2A06', 'RU07'], ['R2A02', 'R2A03', 'R2A04', 'R2A05', 'RU04', 'RU05', 'RU06', 'RU07'], ['R2A04', 'R2A05', 'RU03', 'RU04', 'RU05', 'RU06']]"	"['R2A04', 'R2A05', 'RU04', 'RU05', 'RU06', 'RU07']"	"[['R2A02', 'R2A03', 'R2A04', 'R2A05', 'R2A06', 'RPC01', 'RU07'], ['R2A01', 'R2A02', 'R2A03', 'R2A04', 'R2A05', 'RPC01', 'RPC02', 'RPC03', 'RPC04', 'RPC05', 'RU03', 'RU04', 'RU05', 'RU06', 'RU07'], ['R2A02', 'R2A03', 'R2A04', 'R2A05', 'RU03', 'RU04', 'RU05', 'RU06']]"	"['R2A02', 'R2A03', 'R2A04', 'R2A05', 'RPC01', 'RU03', 'RU04', 'RU05', 'RU06', 'RU07']"	Unknown	0	yes
HUP266	HUP266_phaseII	418859.4191	418924.84	"['Clin 1', 'Clin 5', 'Clin 4']"	Spontaneous					"[418858.18, 418858.2598, 418858.29]"	418858.2598	"[['RB02', 'RB03', 'RC02'], ['R1PO01', 'R1PO02', 'RC01', 'RC02'], ['RC01', 'RC02']]"	"['RC01', 'RC02']"	"[['R1PO02', 'RA02', 'RB02', 'RB03', 'RC02', 'RC03'], ['R1PO01', 'R1PO02', 'RB01', 'RB02', 'RC01', 'RC02', 'RC03'], ['R1PO01', 'R1PO02', 'RA01', 'RA02', 'RB01', 'RB02', 'RB03', 'RC01', 'RC02']]"	"['R1PO01', 'R1PO02', 'RA02', 'RB01', 'RB02', 'RB03', 'RC01', 'RC02', 'RC03']"	Unknown	0	no
HUP267	HUP267b_phaseII	49987.09	50058.31	"['Clin 1', 'Clin 5', 'Clin 2']"	Spontaneous					"[49998.47, 49984.6987, 49964.37]"	49984.6987	"[['LB01', 'LB02', 'LB03', 'LC01', 'LC02', 'LC03', 'LD01', 'LD02', 'LD03', 'LE01', 'LE02', 'LE03'], ['LB01', 'LB02', 'LB03', 'LC01', 'LC02', 'LC03', 'LD01', 'LD02', 'LD03', 'LD04', 'LE01', 'LE02', 'LE03'], ['LLES01']]"	"['LB01', 'LB02', 'LB03', 'LC01', 'LC02', 'LC03', 'LD01', 'LD02', 'LD03', 'LE01', 'LE02', 'LE03']"	"[['LA01', 'LA02', 'LA03', 'LA04', 'LB01', 'LB02', 'LB03', 'LB04', 'LC01', 'LC02', 'LC03', 'LD01', 'LD02', 'LD03', 'LD04', 'LE01', 'LE02', 'LE03', 'LE04'], ['LA01', 'LA02', 'LA03', 'LA04', 'LB01', 'LB02', 'LB03', 'LC01', 'LC02', 'LC03', 'LD01', 'LD02', 'LD03', 'LE01', 'LE02', 'LE03'], ['LLES01']]"	"['LA01', 'LA02', 'LA03', 'LA04', 'LB01', 'LB02', 'LB03', 'LC01', 'LC02', 'LC03', 'LD01', 'LD02', 'LD03', 'LE01', 'LE02', 'LE03']"	Unknown	1	no
HUP267	HUP267_phaseII	63986.57	64064.61	"['Clin 1', 'Clin 5', 'Clin 2']"	Stim. Induced	LB2-LB3	1	3	500	"[63986.52, 63986.56042, 63986.6]"	63986.56042	"[['LA01', 'LA02', 'LB01', 'LB02', 'LB03', 'LD01', 'LD02', 'LD03', 'LE01', 'LE02', 'LE03'], ['LA01', 'LA02', 'LA03', 'LB01', 'LB02', 'LB03', 'LD01', 'LD02', 'LD03', 'LE01', 'LE02'], ['LA01']]"	"['LA01', 'LA02', 'LB01', 'LB02', 'LB03', 'LD01', 'LD02', 'LD03', 'LE01', 'LE02']"	"[['LA01', 'LA02', 'LA03', 'LA04', 'LA05', 'LB01', 'LB02', 'LB03', 'LB04', 'LC01', 'LC02', 'LC03', 'LD01', 'LD02', 'LD03', 'LD04', 'LE01', 'LE02', 'LE03', 'LE04'], ['LA01', 'LA02', 'LA03', 'LA04', 'LB01', 'LB02', 'LB03', 'LC01', 'LC02', 'LC03', 'LD01', 'LD02', 'LD03', 'LE01', 'LE02', 'LE03', 'LE04'], ['LA01']]"	"['LA01', 'LA02', 'LA03', 'LA04', 'LB01', 'LB02', 'LB03', 'LC01', 'LC02', 'LC03', 'LD01', 'LD02', 'LD03', 'LE01', 'LE02', 'LE03', 'LE04']"	Typical	0	yes
HUP273	HUP273b_phaseII	20467.7148	20503	"['Clin 1', 'Clin 5', 'Clin 2']"	Stim. Induced	LB2-LB3	1	3	500	"[20467.55, 20467.62146, 20467.75]"	20467.62146	"[['LA01', 'LA02', 'LB01', 'LB02', 'LB03', 'LC01', 'LC02', 'LC03'], ['LB01', 'LB02', 'LB03', 'LB04', 'LC01', 'LC02', 'LC03', 'LC04'], ['LB01', 'LB02', 'LB03', 'LB04', 'LB05', 'LC01', 'LC02', 'LC03', 'LC04']]"	"['LB01', 'LB02', 'LB03', 'LB04', 'LC01', 'LC02', 'LC03', 'LC04']"	"[['LA01', 'LA02', 'LA03', 'LA04', 'LB01', 'LB02', 'LB03', 'LB04', 'LC01', 'LC02', 'LC03', 'LC04'], ['LA01', 'LA02', 'LA03', 'LA04', 'LB01', 'LB02', 'LB03', 'LB04', 'LB05', 'LC01', 'LC02', 'LC03', 'LC04'], ['LB01', 'LB02', 'LB03', 'LB04', 'LB05', 'LC01', 'LC02', 'LC03', 'LC04']]"	"['LA01', 'LA02', 'LA03', 'LA04', 'LB01', 'LB02', 'LB03', 'LB04', 'LB05', 'LC01', 'LC02', 'LC03', 'LC04']"	Atypical	0	no
HUP273	HUP273b_phaseII	21077.4668	21133.94	"['Clin 1', 'Clin 5', 'Clin 2']"	Stim. Induced	RA3-RA4	1	3	500	"[21077.22, 21077.26423, 21077.24]"	21077.24	"[['RA01', 'RA02', 'RA03', 'RA04', 'RB01', 'RB02', 'RC01', 'RC02', 'RC03', 'RI01'], ['RA01', 'RA02', 'RB01', 'RB02', 'RB03', 'RC01', 'RC02', 'RC03', 'RC04', 'RI01', 'RI02'], ['RB01']]"	"['RA01', 'RA02', 'RB01', 'RB02', 'RC01', 'RC02', 'RC03', 'RI01']"	"[['RA01', 'RA02', 'RA03', 'RA04', 'RB01', 'RB02', 'RC01', 'RC02', 'RC03', 'RI01', 'RI02'], ['RA01', 'RA02', 'RA03', 'RA04', 'RB01', 'RB02', 'RB03', 'RC01', 'RC02', 'RC03', 'RC04', 'RI01', 'RI02', 'RI03'], ['RA01']]"	"['RA01', 'RA02', 'RA03', 'RA04', 'RB01', 'RB02', 'RC01', 'RC02', 'RC03', 'RI01', 'RI02']"	Atypical	0	no
HUP273	HUP273c_phaseII	233275.1	233367.08	"['Clin 1', 'Clin 5', 'Clin 2']"	Spontaneous					"[233283.71, 233282.1126, 233282.37]"	233282.37	"[['RD02', 'RD03', 'RD04', 'RD05'], ['RD01', 'RD02', 'RD03', 'RD04', 'RD05', 'RD06'], ['RD01', 'RD02', 'RD03', 'RD04', 'RD05', 'RD06', 'RD07']]"	"['RD01', 'RD02', 'RD03', 'RD04', 'RD05', 'RD06']"	"[['RA01', 'RA02', 'RA03', 'RB01', 'RB02', 'RC01', 'RC02', 'RC03', 'RD01', 'RD02', 'RD03', 'RD04', 'RD05', 'RI01', 'RI02', 'RO01', 'RO02'], ['RA01', 'RA02', 'RA03', 'RB01', 'RB02', 'RB03', 'RB04', 'RC01', 'RC02', 'RC03', 'RC04', 'RD01', 'RD02', 'RD03', 'RD04', 'RD05', 'RD06', 'RI01', 'RI02', 'RI03'], ['LO01', 'LO02', 'LO03', 'LO04', 'LO05', 'RC01', 'RC02', 'RC03', 'RD01', 'RD02', 'RD03', 'RD04', 'RD05', 'RD06', 'RD07', 'RI01', 'RI02', 'RI03', 'RO01', 'RO02', 'RO03']]"	"['RA01', 'RA02', 'RA03', 'RB01', 'RB02', 'RC01', 'RC02', 'RC03', 'RD01', 'RD02', 'RD03', 'RD04', 'RD05', 'RD06', 'RI01', 'RI02', 'RI03', 'RO01', 'RO02']"	Unknown	1	no
HUP275	HUP275_CCEP	32467	32518.51	"['Clin 1', 'Clin 5', 'Clin 2']"	Stim. Induced	RB1-RB2	1	3	500	"[32467.01, 32469.14025, 32466.72]"	32467.01	"[['RA01', 'RA02', 'RA03', 'RB01', 'RB02'], ['RA01', 'RA02', 'RA03', 'RA04', 'RB01', 'RB02'], ['RA01']]"	"['RA01', 'RA02', 'RA03', 'RB01', 'RB02']"	"[['RA01', 'RA02', 'RA03', 'RB01', 'RB02', 'RB03'], ['RA01', 'RA02', 'RA03', 'RA04', 'RB01', 'RB02', 'RB03'], ['RA01']]"	"['RA01', 'RA02', 'RA03', 'RB01', 'RB02', 'RB03']"	Atypical	0	yes
HUP275	HUP275_CCEP	32916.30078	32972.11	"['Clin 1', 'Clin 5', 'Clin 2']"	Stim. Induced	LB3-LB4	1	3	500	"[32917.05, 32917.11728, 32917.2]"	32917.11728	"[['LB01', 'LB02', 'LB03', 'LB04', 'LC01', 'LC02'], ['LB01', 'LB02', 'LB03', 'LB04', 'LC01', 'LC02'], ['LC01']]"	"['LB01', 'LB02', 'LB03', 'LB04', 'LC01', 'LC02']"	"[['LA01', 'LA02', 'LA03', 'LB01', 'LB02', 'LB03', 'LB04', 'LC01', 'LC02', 'LC03', 'LT01', 'LT02'], ['LA01', 'LA02', 'LA03', 'LB01', 'LB02', 'LB03', 'LB04', 'LC01', 'LC02', 'LT01', 'LT02'], ['LC01']]"	"['LA01', 'LA02', 'LA03', 'LB01', 'LB02', 'LB03', 'LB04', 'LC01', 'LC02', 'LT01', 'LT02']"	Atypical	0	no
HUP275	HUP275_phaseII	297659.44	297715.26	"['Clin 1', 'Clin 5', 'Clin 2']"	Spontaneous					"[297659.74, 297660.1398, 297659.45]"	297659.74	"[['LA01', 'LA02'], ['LA01', 'LA02', 'LA03'], ['LA01']]"	"['LA01', 'LA02']"	"[['LA01', 'LA02', 'LA03', 'LA04', 'LB01', 'LB02', 'LB03', 'LC01', 'LC02', 'LC03', 'RA01', 'RA02', 'RB01', 'RB02'], ['LA01', 'LA02', 'LA03', 'LB01', 'LB02', 'LB03', 'LC01', 'LC02', 'LC03', 'LT01'], ['LA01']]"	"['LA01', 'LA02', 'LA03', 'LB01', 'LB02', 'LB03', 'LC01', 'LC02', 'LC03']"	Unknown	1	yes
HUP288	HUP288_phaseII	73007.74	73099.3	"['Clin 1', 'Clin 5', 'Clin 2']"	Stim. Induced	RI1-RI2	1	3	500	"[73007.99, 73007.9618, 73007.68]"	73007.9618	"[['RA01', 'RI01', 'RI02'], ['RA01', 'RA02'], ['RA01', 'RA02']]"	"['RA01', 'RA02']"	"[['RA01', 'RA02', 'RB01', 'RC01', 'RE01', 'RE02', 'RI01', 'RI02'], ['RA01', 'RA02', 'RB01', 'RB02', 'RC01', 'RC02', 'RE01', 'RE02'], ['RA01', 'RA02', 'RB01', 'RB02', 'RE01', 'RE02']]"	"['RA01', 'RA02', 'RB01', 'RB02', 'RC01', 'RE01', 'RE02']"	Typical	0	yes
HUP288	HUP288_phaseII	251098.53	251193.6	"['Clin 1', 'Clin 5', 'Clin 2']"	Spontaneous					"[251098.46, 251098.6039, 251098.48]"	251098.48	"[['RA01', 'RA02', 'RB01', 'RB02', 'RC01', 'RE01', 'RE02', 'RE03'], ['RA01', 'RA02', 'RB01', 'RB02', 'RC01', 'RC02', 'RE01', 'RE02', 'RE03'], ['RA01', 'RA02']]"	"['RA01', 'RA02', 'RB01', 'RB02', 'RC01', 'RE01', 'RE02', 'RE03']"	"[['RA01', 'RA02', 'RB01', 'RB02', 'RC01', 'RE01', 'RE02', 'RE03'], ['RA01', 'RA02', 'RB01', 'RB02', 'RC01', 'RC02', 'RE01', 'RE02', 'RE03'], ['RA01', 'RA02', 'RB01', 'RB02', 'RC01']]"	"['RA01', 'RA02', 'RB01', 'RB02', 'RC01', 'RE01', 'RE02', 'RE03']"	Unknown	0	no