participant_id	age	sex	mtle	unifocal	lesional	outcome	follow_up	duration	age_at_onset	n_seizures	n_stim_induced
sub-HUP224	42.8	F	Yes	Yes	No	n/a	n/a	7.8	35	4	1
sub-HUP225	n/a	M	No	Yes	No	1.1	0.92	n/a	n/a	4	1
sub-HUP229	40.9	M	Yes	Yes	Yes	1.1	3.92	32.9	8	2	1
sub-HUP230	51.5	F	Yes	Yes	Yes	1.1	1.92	31.5	20	4	1
sub-HUP235	24.4	M	Yes	Yes	Yes	1.2	1.5	10.9	13.5	4	1
sub-HUP238	35.3	F	Yes	Yes	No	2.1	2	18.3	17	4	1
sub-HUP246	52.3	M	Yes	Yes	No	1.1	2.08	4.3	48	2	1
sub-HUP247	47.1	F	No	Yes	Yes	2.1	1.75	40.1	7	4	1
sub-HUP249	47.8	F	Yes	No	No	n/a	n/a	2.8	45	4	2
sub-HUP250	31.6	F	No	No	No	n/a	n/a	13.6	18	4	1
sub-HUP253	40.2	F	Yes	Yes	No	1.2	1	17.2	23	4	1
sub-HUP257	24.7	M	Yes	Yes	No	n/a	n/a	2.7	22	4	1
sub-HUP261	29.9	F	Yes	Yes	No	1.1	1.17	28.9	1	1	0
sub-HUP263	52	F	Yes	Yes	No	1.1	1	11	41	3	1
sub-HUP266	34.3	F	Yes	No	No	2.1	0.75	9.3	25	4	1
sub-HUP267	21.3	M	Yes	No	No	n/a	n/a	2.3	19	2	1
sub-HUP273	34.2	M	No	Yes	No	2.2	1	12.2	22	3	2
sub-HUP275	58	M	No	No	No	2.1	0.92	9	49	3	2
sub-HUP288	30.1	M	Yes	Yes	Yes	1.1	1.33	16.1	14	2	1
sub-CHOP005	4.3	F	No	No	Yes	1.1	4.54	1.3	3	1	1
sub-CHOP010	15.9	F	Yes	No	Yes	Device	n/a	2.9	13	1	1
sub-CHOP024	19.1	F	No	Yes	Yes	Device	n/a	13.1	6	1	1
sub-CHOP026	16.8	M	Yes	No	No	1.1	2.17	2.8	14	2	2
sub-CHOP028	11.8	F	Yes	Yes	Yes	2.3	2.01	1.8	10	1	1
sub-CHOP035	17.4	M	Yes	Yes	Yes	n/a	n/a	2.4	15	2	2
sub-CHOP038	18.9	F	No	No	Yes	3.1	1.14	12.9	6	2	1
sub-CHOP041	16.1	F	No	Yes	Yes	Device	n/a	7.1	9	2	1
sub-CHOP046	19	F	No	No	No	Device	n/a	8	11	2	2
sub-CHOP049	8.2	M	No	Yes	Yes	n/a	n/a	1.2	7	2	1