label	x	y	z	matter	brain_area
RB01	126.056640625	121.9609375	45.0	grey	ctx-rh-temporalpole
RB02	129.510843853585	121.557199460295	45.3943040082572	grey	ctx-rh-temporalpole
RB03	132.96504708217	121.153461420591	45.7886080165144	grey	ctx-rh-temporalpole
RB04	136.419250310755	120.749723380886	46.1829120247716	grey	ctx-rh-temporalpole
RB05	139.87345353934	120.345985341181	46.5772160330288	grey	ctx-rh-inferiortemporal
RB06	143.327656767925	119.942247301476	46.971520041286	grey	ctx-rh-inferiortemporal
RB07	146.781859996511	119.538509261771	47.3658240495431	grey	ctx-rh-inferiortemporal
RB08	150.236063225096	119.134771222067	47.7601280578003	grey	ctx-rh-inferiortemporal
RB09	153.690266453681	118.731033182362	48.1544320660575	grey	ctx-rh-middletemporal
RB10	157.144469682266	118.327295142657	48.5487360743147	grey	ctx-rh-middletemporal
RB11	160.598672910851	117.923557102952	48.9430400825719	grey	Unknown
RB12	164.052876139436	117.519819063248	49.3373440908291	unknown	Unknown
RC01	116.5	116.044921875	61.0	grey	Unknown
RC02	119.893360391686	115.212006142495	60.7966366928744	grey	Right-Amygdala
RC03	123.286720783371	114.379090409991	60.5932733857488	grey	Right-Amygdala
RC04	126.680081175057	113.546174677486	60.3899100786232	grey	Right-Amygdala
RC05	130.073441566743	112.713258944981	60.1865467714976	grey	Right-Amygdala
RC06	133.466801958428	111.880343212477	59.983183464372	grey	Right-Amygdala
RC07	136.860162350114	111.047427479972	59.7798201572464	CSF	Right-Inf-Lat-Vent
RC08	140.2535227418	110.214511747467	59.5764568501208	grey	Right-Cerebral-White-Matter
RC09	143.646883133485	109.381596014963	59.3730935429952	white	Right-Cerebral-White-Matter
RC10	147.040243525171	108.548680282458	59.1697302358696	white	Right-Cerebral-White-Matter
RC11	150.433603916857	107.715764549953	58.966366928744	white	Right-Cerebral-White-Matter
RC12	153.826964308542	106.882848817449	58.7630036216184	white	Right-Cerebral-White-Matter
RC13	157.220324700228	106.049933084944	58.5596403144928	white	Right-Cerebral-White-Matter
RC14	160.613685091914	105.217017352439	58.3562770073672	grey	Right-Cerebral-White-Matter
RC15	164.007045483599	104.384101619935	58.1529137002416	grey	ctx-rh-middletemporal
RC16	167.400405875285	103.55118588743	57.949550393116	grey	ctx-rh-middletemporal
RD01	125.6015625	103.7578125	65.0	grey	Right-Hippocampus
RD02	129.083842661579	104.109557970867	65.0	grey	Right-Hippocampus
RD03	132.566122823157	104.461303441733	65.0	grey	Right-Hippocampus
RD04	136.048402984736	104.8130489126	65.0	grey	Right-Hippocampus
RD05	139.530683146315	105.164794383466	65.0	grey	Right-Inf-Lat-Vent
RD06	143.012963307894	105.516539854333	65.0	white	Right-Cerebral-White-Matter
RD07	146.495243469472	105.868285325199	65.0	white	Right-Cerebral-White-Matter
RD08	149.977523631051	106.220030796066	65.0	white	Right-Cerebral-White-Matter
RD09	153.45980379263	106.571776266932	65.0	white	Right-Cerebral-White-Matter
RD10	156.942083954209	106.923521737799	65.0	white	Right-Cerebral-White-Matter
RD11	160.424364115787	107.275267208665	65.0	grey	ctx-rh-middletemporal
RD12	163.906644277366	107.627012679532	65.0	grey	ctx-rh-middletemporal
RD13	167.388924438945	107.978758150398	65.0	grey	ctx-rh-middletemporal
RD14	170.871204600524	108.330503621265	65.0	grey	ctx-rh-middletemporal
RE01	130.15234375	97.38671875	68.0	white	ctx-rh-parahippocampal
RE02	133.638530262721	97.0760684666882	68.0	grey	ctx-rh-parahippocampal
RE03	137.124716775442	96.7654181833764	68.0	grey	ctx-rh-parahippocampal
RE04	140.610903288163	96.4547679000647	68.0	white	ctx-rh-fusiform
RE05	144.097089800884	96.1441176167529	68.0	white	Right-Cerebral-White-Matter
RE06	147.583276313605	95.8334673334411	68.0	white	Right-Cerebral-White-Matter
RE07	151.069462826326	95.5228170501293	68.0	white	Right-Cerebral-White-Matter
RE08	154.555649339048	95.2121667668175	68.0	white	Right-Cerebral-White-Matter
RE09	158.041835851769	94.9015164835058	68.0	grey	ctx-rh-middletemporal
RE10	161.52802236449	94.590866200194	68.0	white	Right-Cerebral-White-Matter
RE11	165.014208877211	94.2802159168822	68.0	grey	ctx-rh-middletemporal
RE12	168.500395389932	93.9695656335704	68.0	grey	ctx-rh-middletemporal
RE13	171.986581902653	93.6589153502587	68.0	grey	ctx-rh-middletemporal
RE14	175.472768415374	93.3482650669469	68.0	unknown	Unknown
RF01	123.326171875	92.8359375	68.0	grey	Right-Cerebellum-Cortex
RF02	126.481740820201	91.4787035450747	68.6710444274996	grey	ctx-rh-parahippocampal
RF03	129.637309765403	90.1214695901493	69.3420888549991	grey	ctx-rh-fusiform
RF04	132.792878710604	88.764235635224	70.0131332824987	grey	ctx-rh-fusiform
RF05	135.948447655806	87.4070016802987	70.6841777099983	grey	ctx-rh-fusiform
RF06	139.104016601007	86.0497677253733	71.3552221374978	white	Right-Cerebral-White-Matter
RF07	142.259585546208	84.692533770448	72.0262665649974	white	Right-Cerebral-White-Matter
RF08	145.41515449141	83.3352998155226	72.697310992497	grey	ctx-rh-fusiform
RF09	148.570723436611	81.9780658605973	73.3683554199965	grey	ctx-rh-fusiform
RF10	151.726292381813	80.620831905672	74.0393998474961	grey	ctx-rh-inferiortemporal
RF11	154.881861327014	79.2635979507466	74.7104442749957	white	Right-Cerebral-White-Matter
RF12	158.037430272215	77.9063639958213	75.3814887024952	grey	ctx-rh-inferiortemporal
RF13	161.192999217417	76.549130040896	76.0525331299948	grey	ctx-rh-inferiortemporal
RF14	164.348568162618	75.1918960859706	76.7235775574944	grey	ctx-rh-inferiortemporal
RF15	167.50413710782	73.8346621310453	77.3946219849939	grey	Unknown
RF16	170.659706053021	72.47742817612	78.0656664124935	unknown	Unknown
RG01	129.697265625	92.8359375	75.0	white	Right-Cerebral-White-Matter
RG02	132.337338441962	90.8998841008945	76.2376238349959	grey	Right-Hippocampus
RG03	134.977411258924	88.963830701789	77.4752476699918	grey	Right-Cerebral-White-Matter
RG04	137.617484075886	87.0277773026834	78.7128715049877	grey	ctx-rh-parahippocampal
RG05	140.257556892848	85.0917239035779	79.9504953399836	grey	Right-Cerebral-White-Matter
RG06	142.89762970981	83.1556705044724	81.1881191749795	white	Right-Cerebral-White-Matter
RG07	145.537702526772	81.2196171053669	82.4257430099754	white	Right-Cerebral-White-Matter
RG08	148.177775343734	79.2835637062614	83.6633668449713	grey	ctx-rh-inferiortemporal
RG09	150.817848160697	77.3475103071559	84.9009906799672	grey	ctx-rh-inferiortemporal
RG10	153.457920977659	75.4114569080504	86.1386145149631	grey	ctx-rh-inferiortemporal
RG11	156.097993794621	73.4754035089448	87.376238349959	grey	ctx-rh-middletemporal
RG12	158.738066611583	71.5393501098393	88.6138621849548	white	ctx-rh-middletemporal
RG13	161.378139428545	69.6032967107338	89.8514860199507	grey	ctx-rh-middletemporal
RG14	164.018212245507	67.6672433116283	91.0891098549466	grey	ctx-rh-middletemporal
RQ01	161.552734375	62.80078125	68.0	unknown	Unknown
RQ02	166.312877181426	61.2707353479344	68.0	unknown	Unknown
RQ03	171.073019987853	59.7406894458688	68.0	unknown	Unknown
RQ04	175.833162794279	58.2106435438032	68.0	unknown	Unknown
RH01	141.984375	108.763671875	68.0	white	Right-Cerebral-White-Matter
RH02	145.290054179015	108.991649749415	69.1271695765061	white	Right-Cerebral-White-Matter
RH03	148.595733358031	109.21962762383	70.2543391530122	white	Right-Cerebral-White-Matter
RH04	151.901412537046	109.447605498245	71.3815087295183	grey	ctx-rh-superiortemporal
RH05	155.207091716062	109.675583372659	72.5086783060244	grey	ctx-rh-superiortemporal
RH06	158.512770895077	109.903561247074	73.6358478825304	grey	ctx-rh-middletemporal
RH07	161.818450074093	110.131539121489	74.7630174590365	grey	ctx-rh-middletemporal
RH08	165.124129253108	110.359516995904	75.8901870355426	grey	ctx-rh-superiortemporal
RH09	168.429808432124	110.587494870319	77.0173566120487	grey	ctx-rh-superiortemporal
RH10	171.735487611139	110.815472744734	78.1445261885548	unknown	Unknown
RL01	139.708984375	137.43359375	77.0	grey	ctx-rh-insula
RL02	142.980096321969	137.586927122514	78.2354414220312	grey	ctx-rh-insula
RL03	146.251208268938	137.740260495028	79.4708828440624	grey	ctx-rh-parsopercularis
RL04	149.522320215907	137.893593867543	80.7063242660936	grey	ctx-rh-parsopercularis
RL05	152.793432162876	138.046927240057	81.9417656881248	grey	ctx-rh-parsopercularis
RL06	156.064544109845	138.200260612571	83.1772071101559	grey	ctx-rh-parsopercularis
RL07	159.335656056814	138.353593985085	84.4126485321871	grey	ctx-rh-parsopercularis
RL08	162.606768003783	138.506927357599	85.6480899542183	grey	ctx-rh-parsopercularis
RL09	165.877879950752	138.660260730113	86.8835313762495	grey	ctx-rh-parsopercularis
RL10	169.148991897721	138.813594102628	88.1189727982807	unknown	Unknown
RI01	139.25390625	100.572265625	80.0	white	Right-Cerebral-White-Matter
RI02	142.6561573458	100.23204051542	80.7476191249141	white	Right-Cerebral-White-Matter
RI03	146.058408441601	99.8918154058399	81.4952382498281	white	Right-Cerebral-White-Matter
RI04	149.460659537401	99.5515902962599	82.2428573747421	grey	Right-Cerebral-White-Matter
RI05	152.862910633201	99.2113651866799	82.9904764996562	grey	ctx-rh-superiortemporal
RI06	156.265161729001	98.8711400770999	83.7380956245702	grey	ctx-rh-superiortemporal
RI07	159.667412824802	98.5309149675198	84.4857147494843	grey	ctx-rh-superiortemporal
RI08	163.069663920602	98.1906898579398	85.2333338743983	grey	Right-Cerebral-White-Matter
RI09	166.471915016402	97.8504647483598	85.9809529993124	white	Right-Cerebral-White-Matter
RI10	169.874166112202	97.5102396387798	86.7285721242264	white	ctx-rh-superiortemporal
RI11	173.276417208003	97.1700145291997	87.4761912491405	grey	ctx-rh-superiortemporal
RI12	176.678668303803	96.8297894196197	88.2238103740545	unknown	Unknown
RK01	139.25390625	91.470703125	103.0	white	Right-Cerebral-White-Matter
RK02	142.729062862517	91.1181510048895	103.221344801345	white	Right-Cerebral-White-Matter
RK03	146.204219475035	90.7655988847791	103.442689602689	white	Right-Cerebral-White-Matter
RK04	149.679376087552	90.4130467646686	103.664034404034	white	Right-Cerebral-White-Matter
RK05	153.15453270007	90.0604946445582	103.885379205379	grey	ctx-rh-bankssts
RK06	156.629689312587	89.7079425244477	104.106724006723	grey	ctx-rh-bankssts
RK07	160.104845925104	89.3553904043372	104.328068808068	grey	ctx-rh-bankssts
RK08	163.580002537622	89.0028382842268	104.549413609412	grey	ctx-rh-bankssts
RK09	167.055159150139	88.6502861641163	104.770758410757	grey	ctx-rh-superiortemporal
RK10	170.530315762656	88.2977340440059	104.992103212102	grey	ctx-rh-superiortemporal
RJ01	146.080078125	81.458984375	98.0	white	Right-Cerebral-White-Matter
RJ02	148.633395363665	79.5815452289231	99.4851913450854	grey	ctx-rh-inferiorparietal
RJ03	151.186712602329	77.7041060828462	100.970382690171	grey	ctx-rh-inferiorparietal
RJ04	153.740029840994	75.8266669367694	102.455574035256	grey	ctx-rh-inferiorparietal
RJ05	156.293347079658	73.9492277906925	103.940765380341	grey	ctx-rh-inferiorparietal
RJ06	158.846664318323	72.0717886446156	105.425956725427	grey	ctx-rh-inferiorparietal
RJ07	161.399981556987	70.1943494985387	106.911148070512	grey	ctx-rh-inferiorparietal
RJ08	163.953298795652	68.3169103524618	108.396339415598	grey	ctx-rh-inferiorparietal
RA01	145.625	125.146484375	69.0	grey	ctx-rh-insula
RA02	145.168923378054	124.08230559046	73.276028254052	grey	ctx-rh-insula
RA03	144.712846756109	123.018126805921	77.5520565081039	grey	ctx-rh-insula
RA04	144.256770134163	121.953948021381	81.8280847621558	grey	ctx-rh-insula
RA05	143.800693512218	120.889769236842	86.1041130162078	grey	ctx-rh-insula
RA06	143.344616890272	119.825590452302	90.3801412702597	grey	ctx-rh-insula
RA07	142.888540268327	118.761411667762	94.6561695243117	grey	ctx-rh-postcentral
RA08	142.432463646381	117.697232883223	98.9321977783636	white	Right-Cerebral-White-Matter
RA09	141.976387024436	116.633054098683	103.208226032416	white	Right-Cerebral-White-Matter
RA10	141.52031040249	115.568875314144	107.484254286468	white	Right-Cerebral-White-Matter
RA11	141.064233780545	114.504696529604	111.760282540519	grey	ctx-rh-precentral
RA12	140.608157158599	113.440517745064	116.036310794571	grey	ctx-rh-precentral
RA13	140.152080536653	112.376338960525	120.312339048623	grey	ctx-rh-precentral
RA14	139.696003914708	111.312160175985	124.588367302675	grey	ctx-rh-postcentral
RA15	139.239927292762	110.247981391446	128.864395556727	CSF	ctx-rh-postcentral
RA16	138.783850670817	109.183802606906	133.140423810779	grey	ctx-rh-precentral
