name	type	units	low_cutoff	high_cutoff	description	sampling_frequency	status	status_description
RA01	SEEG	V	0.0	512.0	StereoEEG	1024.0	good	n/a
RA02	SEEG	V	0.0	512.0	StereoEEG	1024.0	good	n/a
RA03	SEEG	V	0.0	512.0	StereoEEG	1024.0	good	n/a
RA04	SEEG	V	0.0	512.0	StereoEEG	1024.0	good	n/a
RA05	SEEG	V	0.0	512.0	StereoEEG	1024.0	good	n/a
RA06	SEEG	V	0.0	512.0	StereoEEG	1024.0	good	n/a
RA07	SEEG	V	0.0	512.0	StereoEEG	1024.0	good	n/a
RA08	SEEG	V	0.0	512.0	StereoEEG	1024.0	good	n/a
RA09	SEEG	V	0.0	512.0	StereoEEG	1024.0	good	n/a
RA10	SEEG	V	0.0	512.0	StereoEEG	1024.0	good	n/a
RA11	SEEG	V	0.0	512.0	StereoEEG	1024.0	good	n/a
RA12	SEEG	V	0.0	512.0	StereoEEG	1024.0	good	n/a
RB01	SEEG	V	0.0	512.0	StereoEEG	1024.0	good	n/a
RB02	SEEG	V	0.0	512.0	StereoEEG	1024.0	good	n/a
RB03	SEEG	V	0.0	512.0	StereoEEG	1024.0	good	n/a
RB04	SEEG	V	0.0	512.0	StereoEEG	1024.0	good	n/a
RB05	SEEG	V	0.0	512.0	StereoEEG	1024.0	good	n/a
RB06	SEEG	V	0.0	512.0	StereoEEG	1024.0	good	n/a
RB07	SEEG	V	0.0	512.0	StereoEEG	1024.0	good	n/a
RB08	SEEG	V	0.0	512.0	StereoEEG	1024.0	good	n/a
RB09	SEEG	V	0.0	512.0	StereoEEG	1024.0	good	n/a
RB11	SEEG	V	0.0	512.0	StereoEEG	1024.0	good	n/a
RB12	SEEG	V	0.0	512.0	StereoEEG	1024.0	good	n/a
RC01	SEEG	V	0.0	512.0	StereoEEG	1024.0	good	n/a
RC02	SEEG	V	0.0	512.0	StereoEEG	1024.0	good	n/a
RC03	SEEG	V	0.0	512.0	StereoEEG	1024.0	good	n/a
RC04	SEEG	V	0.0	512.0	StereoEEG	1024.0	good	n/a
RC05	SEEG	V	0.0	512.0	StereoEEG	1024.0	good	n/a
RC06	SEEG	V	0.0	512.0	StereoEEG	1024.0	good	n/a
RC07	SEEG	V	0.0	512.0	StereoEEG	1024.0	good	n/a
RC08	SEEG	V	0.0	512.0	StereoEEG	1024.0	good	n/a
RC09	SEEG	V	0.0	512.0	StereoEEG	1024.0	good	n/a
RC10	SEEG	V	0.0	512.0	StereoEEG	1024.0	good	n/a
RC11	SEEG	V	0.0	512.0	StereoEEG	1024.0	good	n/a
RC12	SEEG	V	0.0	512.0	StereoEEG	1024.0	good	n/a
RD01	SEEG	V	0.0	512.0	StereoEEG	1024.0	good	n/a
RD02	SEEG	V	0.0	512.0	StereoEEG	1024.0	good	n/a
RD03	SEEG	V	0.0	512.0	StereoEEG	1024.0	good	n/a
RD04	SEEG	V	0.0	512.0	StereoEEG	1024.0	good	n/a
RD05	SEEG	V	0.0	512.0	StereoEEG	1024.0	good	n/a
RD06	SEEG	V	0.0	512.0	StereoEEG	1024.0	good	n/a
RD07	SEEG	V	0.0	512.0	StereoEEG	1024.0	good	n/a
RD08	SEEG	V	0.0	512.0	StereoEEG	1024.0	good	n/a
RD09	SEEG	V	0.0	512.0	StereoEEG	1024.0	good	n/a
RD10	SEEG	V	0.0	512.0	StereoEEG	1024.0	good	n/a
RD11	SEEG	V	0.0	512.0	StereoEEG	1024.0	good	n/a
RD12	SEEG	V	0.0	512.0	StereoEEG	1024.0	good	n/a
RI01	SEEG	V	0.0	512.0	StereoEEG	1024.0	good	n/a
RI02	SEEG	V	0.0	512.0	StereoEEG	1024.0	good	n/a
RI03	SEEG	V	0.0	512.0	StereoEEG	1024.0	good	n/a
RI04	SEEG	V	0.0	512.0	StereoEEG	1024.0	good	n/a
RI05	SEEG	V	0.0	512.0	StereoEEG	1024.0	good	n/a
RI06	SEEG	V	0.0	512.0	StereoEEG	1024.0	good	n/a
RI07	SEEG	V	0.0	512.0	StereoEEG	1024.0	good	n/a
RI08	SEEG	V	0.0	512.0	StereoEEG	1024.0	good	n/a
RI09	SEEG	V	0.0	512.0	StereoEEG	1024.0	good	n/a
RI10	SEEG	V	0.0	512.0	StereoEEG	1024.0	good	n/a
RI11	SEEG	V	0.0	512.0	StereoEEG	1024.0	good	n/a
RI12	SEEG	V	0.0	512.0	StereoEEG	1024.0	good	n/a
ROF01	SEEG	V	0.0	512.0	StereoEEG	1024.0	good	n/a
ROF02	SEEG	V	0.0	512.0	StereoEEG	1024.0	good	n/a
ROF03	SEEG	V	0.0	512.0	StereoEEG	1024.0	good	n/a
ROF04	SEEG	V	0.0	512.0	StereoEEG	1024.0	good	n/a
ROF05	SEEG	V	0.0	512.0	StereoEEG	1024.0	good	n/a
ROF06	SEEG	V	0.0	512.0	StereoEEG	1024.0	good	n/a
ROF07	SEEG	V	0.0	512.0	StereoEEG	1024.0	good	n/a
ROF08	SEEG	V	0.0	512.0	StereoEEG	1024.0	good	n/a
ROF09	SEEG	V	0.0	512.0	StereoEEG	1024.0	good	n/a
ROF10	SEEG	V	0.0	512.0	StereoEEG	1024.0	good	n/a
ROF11	SEEG	V	0.0	512.0	StereoEEG	1024.0	good	n/a
ROF12	SEEG	V	0.0	512.0	StereoEEG	1024.0	good	n/a
RQ01	SEEG	V	0.0	512.0	StereoEEG	1024.0	good	n/a
RQ02	SEEG	V	0.0	512.0	StereoEEG	1024.0	good	n/a
RQ03	SEEG	V	0.0	512.0	StereoEEG	1024.0	good	n/a
RQ04	SEEG	V	0.0	512.0	StereoEEG	1024.0	good	n/a
RQ05	SEEG	V	0.0	512.0	StereoEEG	1024.0	good	n/a
RQ06	SEEG	V	0.0	512.0	StereoEEG	1024.0	good	n/a
RQ07	SEEG	V	0.0	512.0	StereoEEG	1024.0	good	n/a
RQ08	SEEG	V	0.0	512.0	StereoEEG	1024.0	good	n/a
RQ09	SEEG	V	0.0	512.0	StereoEEG	1024.0	good	n/a
RQ10	SEEG	V	0.0	512.0	StereoEEG	1024.0	good	n/a
RQ11	SEEG	V	0.0	512.0	StereoEEG	1024.0	good	n/a
RQ12	SEEG	V	0.0	512.0	StereoEEG	1024.0	good	n/a
RS01	SEEG	V	0.0	512.0	StereoEEG	1024.0	good	n/a
RS02	SEEG	V	0.0	512.0	StereoEEG	1024.0	good	n/a
RS03	SEEG	V	0.0	512.0	StereoEEG	1024.0	good	n/a
RS04	SEEG	V	0.0	512.0	StereoEEG	1024.0	good	n/a
RS05	SEEG	V	0.0	512.0	StereoEEG	1024.0	good	n/a
RS06	SEEG	V	0.0	512.0	StereoEEG	1024.0	good	n/a
RS07	SEEG	V	0.0	512.0	StereoEEG	1024.0	good	n/a
RS08	SEEG	V	0.0	512.0	StereoEEG	1024.0	good	n/a
RS09	SEEG	V	0.0	512.0	StereoEEG	1024.0	good	n/a
RS11	SEEG	V	0.0	512.0	StereoEEG	1024.0	good	n/a
RS12	SEEG	V	0.0	512.0	StereoEEG	1024.0	good	n/a
RX01	SEEG	V	0.0	512.0	StereoEEG	1024.0	good	n/a
RX02	SEEG	V	0.0	512.0	StereoEEG	1024.0	good	n/a
RX03	SEEG	V	0.0	512.0	StereoEEG	1024.0	good	n/a
RX04	SEEG	V	0.0	512.0	StereoEEG	1024.0	good	n/a
RX05	SEEG	V	0.0	512.0	StereoEEG	1024.0	good	n/a
RX06	SEEG	V	0.0	512.0	StereoEEG	1024.0	good	n/a
RX07	SEEG	V	0.0	512.0	StereoEEG	1024.0	good	n/a
RX08	SEEG	V	0.0	512.0	StereoEEG	1024.0	good	n/a
RX09	SEEG	V	0.0	512.0	StereoEEG	1024.0	good	n/a
RX10	SEEG	V	0.0	512.0	StereoEEG	1024.0	good	n/a
RX11	SEEG	V	0.0	512.0	StereoEEG	1024.0	good	n/a
RX12	SEEG	V	0.0	512.0	StereoEEG	1024.0	good	n/a
RY01	SEEG	V	0.0	512.0	StereoEEG	1024.0	good	n/a
RY02	SEEG	V	0.0	512.0	StereoEEG	1024.0	good	n/a
RY03	SEEG	V	0.0	512.0	StereoEEG	1024.0	good	n/a
RY04	SEEG	V	0.0	512.0	StereoEEG	1024.0	good	n/a
RY05	SEEG	V	0.0	512.0	StereoEEG	1024.0	good	n/a
RY06	SEEG	V	0.0	512.0	StereoEEG	1024.0	good	n/a
RY07	SEEG	V	0.0	512.0	StereoEEG	1024.0	good	n/a
RY08	SEEG	V	0.0	512.0	StereoEEG	1024.0	good	n/a
RY09	SEEG	V	0.0	512.0	StereoEEG	1024.0	good	n/a
RY10	SEEG	V	0.0	512.0	StereoEEG	1024.0	good	n/a
RY11	SEEG	V	0.0	512.0	StereoEEG	1024.0	good	n/a
RY12	SEEG	V	0.0	512.0	StereoEEG	1024.0	good	n/a
