path	size	status
files/DATA/sub-CHOP005/derivatives/electrodes.json	457	ok_sha256
files/DATA/sub-CHOP005/derivatives/electrodes.tsv	15157	ok_sha256
files/DATA/sub-CHOP005/ses-postimplant/ieeg/sub-CHOP005_ses-postimplant_task-stim68881_run-00_channels.tsv	9017	ok_sha256
files/DATA/sub-CHOP005/ses-postimplant/ieeg/sub-CHOP005_ses-postimplant_task-stim68881_run-00_events.json	767	ok_sha256
files/DATA/sub-CHOP005/ses-postimplant/ieeg/sub-CHOP005_ses-postimplant_task-stim68881_run-00_events.tsv	80	ok_sha256
files/DATA/sub-CHOP005/ses-postimplant/ieeg/sub-CHOP005_ses-postimplant_task-stim68881_run-00_ieeg.edf	226685792	ok_sha256
files/DATA/sub-CHOP005/ses-postimplant/ieeg/sub-CHOP005_ses-postimplant_task-stim68881_run-00_ieeg.json	477	ok_sha256
files/DATA/sub-CHOP005/ses-postimplant/sub-CHOP005_ses-postimplant_scans.tsv	89	ok_sha256
files/DATA/sub-CHOP010/derivatives/electrodes.json	457	ok_sha256
files/DATA/sub-CHOP010/derivatives/electrodes.tsv	11244	ok_sha256
files/DATA/sub-CHOP010/ses-postimplant/ieeg/sub-CHOP010_ses-postimplant_task-stim2230_run-00_channels.tsv	6303	ok_sha256
files/DATA/sub-CHOP010/ses-postimplant/ieeg/sub-CHOP010_ses-postimplant_task-stim2230_run-00_events.json	767	ok_sha256
files/DATA/sub-CHOP010/ses-postimplant/ieeg/sub-CHOP010_ses-postimplant_task-stim2230_run-00_events.tsv	79	ok_sha256
files/DATA/sub-CHOP010/ses-postimplant/ieeg/sub-CHOP010_ses-postimplant_task-stim2230_run-00_ieeg.edf	37624352	ok_sha256
files/DATA/sub-CHOP010/ses-postimplant/ieeg/sub-CHOP010_ses-postimplant_task-stim2230_run-00_ieeg.json	472	ok_sha256
files/DATA/sub-CHOP010/ses-postimplant/sub-CHOP010_ses-postimplant_scans.tsv	88	ok_sha256
files/DATA/sub-CHOP024/derivatives/electrodes.json	457	ok_sha256
files/DATA/sub-CHOP024/derivatives/electrodes.tsv	10217	ok_sha256
files/DATA/sub-CHOP024/ses-postimplant/ieeg/sub-CHOP024_ses-postimplant_task-stim87579_run-00_channels.tsv	5979	ok_sha256
files/DATA/sub-CHOP024/ses-postimplant/ieeg/sub-CHOP024_ses-postimplant_task-stim87579_run-00_events.json	767	ok_sha256
files/DATA/sub-CHOP024/ses-postimplant/ieeg/sub-CHOP024_ses-postimplant_task-stim87579_run-00_events.tsv	81	ok_sha256
files/DATA/sub-CHOP024/ses-postimplant/ieeg/sub-CHOP024_ses-postimplant_task-stim87579_run-00_ieeg.edf	124398442	ok_sha256
files/DATA/sub-CHOP024/ses-postimplant/ieeg/sub-CHOP024_ses-postimplant_task-stim87579_run-00_ieeg.json	477	ok_sha256
files/DATA/sub-CHOP024/ses-postimplant/sub-CHOP024_ses-postimplant_scans.tsv	89	ok_sha256
files/DATA/sub-CHOP026/derivatives/electrodes.json	457	ok_sha256
files/DATA/sub-CHOP026/derivatives/electrodes.tsv	17963	ok_sha256
files/DATA/sub-CHOP026/ses-postimplant/ieeg/sub-CHOP026_ses-postimplant_task-stim10208_run-00_channels.tsv	11565	ok_sha256
files/DATA/sub-CHOP026/ses-postimplant/ieeg/sub-CHOP026_ses-postimplant_task-stim10208_run-00_events.json	767	ok_sha256
files/DATA/sub-CHOP026/ses-postimplant/ieeg/sub-CHOP026_ses-postimplant_task-stim10208_run-00_events.tsv	80	ok_sha256
files/DATA/sub-CHOP026/ses-postimplant/ieeg/sub-CHOP026_ses-postimplant_task-stim10208_run-00_ieeg.edf	320204760	ok_sha256
files/DATA/sub-CHOP026/ses-postimplant/ieeg/sub-CHOP026_ses-postimplant_task-stim10208_run-00_ieeg.json	474	ok_sha256
files/DATA/sub-CHOP026/ses-postimplant/ieeg/sub-CHOP026_ses-postimplant_task-stim4838_run-00_channels.tsv	11565	ok_sha256
files/DATA/sub-CHOP026/ses-postimplant/ieeg/sub-CHOP026_ses-postimplant_task-stim4838_run-00_events.json	767	ok_sha256
files/DATA/sub-CHOP026/ses-postimplant/ieeg/sub-CHOP026_ses-postimplant_task-stim4838_run-00_events.tsv	81	ok_sha256
files/DATA/sub-CHOP026/ses-postimplant/ieeg/sub-CHOP026_ses-postimplant_task-stim4838_run-00_ieeg.edf	266526752	ok_sha256
files/DATA/sub-CHOP026/ses-postimplant/ieeg/sub-CHOP026_ses-postimplant_task-stim4838_run-00_ieeg.json	476	ok_sha256
files/DATA/sub-CHOP026/ses-postimplant/sub-CHOP026_ses-postimplant_scans.tsv	156	ok_sha256
files/DATA/sub-CHOP028/derivatives/electrodes.json	457	ok_sha256
files/DATA/sub-CHOP028/derivatives/electrodes.tsv	12316	ok_sha256
files/DATA/sub-CHOP028/ses-postimplant/ieeg/sub-CHOP028_ses-postimplant_task-stim8536_run-00_channels.tsv	7743	ok_sha256
files/DATA/sub-CHOP028/ses-postimplant/ieeg/sub-CHOP028_ses-postimplant_task-stim8536_run-00_events.json	767	ok_sha256
files/DATA/sub-CHOP028/ses-postimplant/ieeg/sub-CHOP028_ses-postimplant_task-stim8536_run-00_events.tsv	81	ok_sha256
files/DATA/sub-CHOP028/ses-postimplant/ieeg/sub-CHOP028_ses-postimplant_task-stim8536_run-00_ieeg.edf	180246344	ok_sha256
files/DATA/sub-CHOP028/ses-postimplant/ieeg/sub-CHOP028_ses-postimplant_task-stim8536_run-00_ieeg.json	474	ok_sha256
files/DATA/sub-CHOP028/ses-postimplant/sub-CHOP028_ses-postimplant_scans.tsv	88	ok_sha256
files/DATA/sub-CHOP035/derivatives/electrodes.json	457	ok_sha256
files/DATA/sub-CHOP035/derivatives/electrodes.tsv	18689	ok_sha256
files/DATA/sub-CHOP035/ses-postimplant/ieeg/sub-CHOP035_ses-postimplant_task-stim2872_run-00_channels.tsv	11026	ok_sha256
files/DATA/sub-CHOP035/ses-postimplant/ieeg/sub-CHOP035_ses-postimplant_task-stim2872_run-00_events.json	767	ok_sha256
files/DATA/sub-CHOP035/ses-postimplant/ieeg/sub-CHOP035_ses-postimplant_task-stim2872_run-00_events.tsv	81	ok_sha256
files/DATA/sub-CHOP035/ses-postimplant/ieeg/sub-CHOP035_ses-postimplant_task-stim2872_run-00_ieeg.edf	243951420	ok_sha256
files/DATA/sub-CHOP035/ses-postimplant/ieeg/sub-CHOP035_ses-postimplant_task-stim2872_run-00_ieeg.json	475	ok_sha256
files/DATA/sub-CHOP035/ses-postimplant/ieeg/sub-CHOP035_ses-postimplant_task-stim6553_run-00_channels.tsv	11026	ok_sha256
files/DATA/sub-CHOP035/ses-postimplant/ieeg/sub-CHOP035_ses-postimplant_task-stim6553_run-00_events.json	767	ok_sha256
files/DATA/sub-CHOP035/ses-postimplant/ieeg/sub-CHOP035_ses-postimplant_task-stim6553_run-00_events.tsv	80	ok_sha256
files/DATA/sub-CHOP035/ses-postimplant/ieeg/sub-CHOP035_ses-postimplant_task-stim6553_run-00_ieeg.edf	236643740	ok_sha256
files/DATA/sub-CHOP035/ses-postimplant/ieeg/sub-CHOP035_ses-postimplant_task-stim6553_run-00_ieeg.json	475	ok_sha256
files/DATA/sub-CHOP035/ses-postimplant/sub-CHOP035_ses-postimplant_scans.tsv	155	ok_sha256
files/DATA/sub-CHOP038/derivatives/electrodes.json	457	ok_sha256
files/DATA/sub-CHOP038/derivatives/electrodes.tsv	10715	ok_sha256
files/DATA/sub-CHOP038/ses-postimplant/ieeg/sub-CHOP038_ses-postimplant_task-ictal6474_run-00_channels.tsv	5833	ok_sha256
files/DATA/sub-CHOP038/ses-postimplant/ieeg/sub-CHOP038_ses-postimplant_task-ictal6474_run-00_events.json	767	ok_sha256
files/DATA/sub-CHOP038/ses-postimplant/ieeg/sub-CHOP038_ses-postimplant_task-ictal6474_run-00_events.tsv	80	ok_sha256
files/DATA/sub-CHOP038/ses-postimplant/ieeg/sub-CHOP038_ses-postimplant_task-ictal6474_run-00_ieeg.edf	30900322	ok_sha256
files/DATA/sub-CHOP038/ses-postimplant/ieeg/sub-CHOP038_ses-postimplant_task-ictal6474_run-00_ieeg.json	474	ok_sha256
files/DATA/sub-CHOP038/ses-postimplant/ieeg/sub-CHOP038_ses-postimplant_task-stim4966_run-00_channels.tsv	5833	ok_sha256
files/DATA/sub-CHOP038/ses-postimplant/ieeg/sub-CHOP038_ses-postimplant_task-stim4966_run-00_events.json	767	ok_sha256
files/DATA/sub-CHOP038/ses-postimplant/ieeg/sub-CHOP038_ses-postimplant_task-stim4966_run-00_events.tsv	80	ok_sha256
files/DATA/sub-CHOP038/ses-postimplant/ieeg/sub-CHOP038_ses-postimplant_task-stim4966_run-00_ieeg.edf	67517704	ok_sha256
files/DATA/sub-CHOP038/ses-postimplant/ieeg/sub-CHOP038_ses-postimplant_task-stim4966_run-00_ieeg.json	473	ok_sha256
files/DATA/sub-CHOP038/ses-postimplant/sub-CHOP038_ses-postimplant_scans.tsv	156	ok_sha256
files/DATA/sub-CHOP041/derivatives/electrodes.json	457	ok_sha256
files/DATA/sub-CHOP041/derivatives/electrodes.tsv	16941	ok_sha256
files/DATA/sub-CHOP041/ses-postimplant/ieeg/sub-CHOP041_ses-postimplant_task-ictal416768_run-00_channels.tsv	10242	ok_sha256
files/DATA/sub-CHOP041/ses-postimplant/ieeg/sub-CHOP041_ses-postimplant_task-ictal416768_run-00_events.json	767	ok_sha256
files/DATA/sub-CHOP041/ses-postimplant/ieeg/sub-CHOP041_ses-postimplant_task-ictal416768_run-00_events.tsv	81	ok_sha256
files/DATA/sub-CHOP041/ses-postimplant/ieeg/sub-CHOP041_ses-postimplant_task-ictal416768_run-00_ieeg.edf	256974476	ok_sha256
files/DATA/sub-CHOP041/ses-postimplant/ieeg/sub-CHOP041_ses-postimplant_task-ictal416768_run-00_ieeg.json	478	ok_sha256
files/DATA/sub-CHOP041/ses-postimplant/ieeg/sub-CHOP041_ses-postimplant_task-stim6083_run-01_channels.tsv	10242	ok_sha256
files/DATA/sub-CHOP041/ses-postimplant/ieeg/sub-CHOP041_ses-postimplant_task-stim6083_run-01_events.json	767	ok_sha256
files/DATA/sub-CHOP041/ses-postimplant/ieeg/sub-CHOP041_ses-postimplant_task-stim6083_run-01_events.tsv	80	ok_sha256
files/DATA/sub-CHOP041/ses-postimplant/ieeg/sub-CHOP041_ses-postimplant_task-stim6083_run-01_ieeg.edf	260365558	ok_sha256
files/DATA/sub-CHOP041/ses-postimplant/ieeg/sub-CHOP041_ses-postimplant_task-stim6083_run-01_ieeg.json	476	ok_sha256
files/DATA/sub-CHOP041/ses-postimplant/sub-CHOP041_ses-postimplant_scans.tsv	158	ok_sha256
files/DATA/sub-CHOP046/derivatives/electrodes.json	457	ok_sha256
files/DATA/sub-CHOP046/derivatives/electrodes.tsv	19096	ok_sha256
files/DATA/sub-CHOP046/ses-postimplant/ieeg/sub-CHOP046_ses-postimplant_task-stim12337_run-00_channels.tsv	11026	ok_sha256
files/DATA/sub-CHOP046/ses-postimplant/ieeg/sub-CHOP046_ses-postimplant_task-stim12337_run-00_events.json	767	ok_sha256
files/DATA/sub-CHOP046/ses-postimplant/ieeg/sub-CHOP046_ses-postimplant_task-stim12337_run-00_events.tsv	80	ok_sha256
files/DATA/sub-CHOP046/ses-postimplant/ieeg/sub-CHOP046_ses-postimplant_task-stim12337_run-00_ieeg.edf	264961000	ok_sha256
files/DATA/sub-CHOP046/ses-postimplant/ieeg/sub-CHOP046_ses-postimplant_task-stim12337_run-00_ieeg.json	476	ok_sha256
files/DATA/sub-CHOP046/ses-postimplant/ieeg/sub-CHOP046_ses-postimplant_task-stim17123_run-00_channels.tsv	11026	ok_sha256
files/DATA/sub-CHOP046/ses-postimplant/ieeg/sub-CHOP046_ses-postimplant_task-stim17123_run-00_events.json	767	ok_sha256
files/DATA/sub-CHOP046/ses-postimplant/ieeg/sub-CHOP046_ses-postimplant_task-stim17123_run-00_events.tsv	67	ok_sha256
files/DATA/sub-CHOP046/ses-postimplant/ieeg/sub-CHOP046_ses-postimplant_task-stim17123_run-00_ieeg.edf	235722540	ok_sha256
files/DATA/sub-CHOP046/ses-postimplant/ieeg/sub-CHOP046_ses-postimplant_task-stim17123_run-00_ieeg.json	477	ok_sha256
files/DATA/sub-CHOP046/ses-postimplant/sub-CHOP046_ses-postimplant_scans.tsv	157	ok_sha256
files/DATA/sub-CHOP049/derivatives/electrodes.json	457	ok_sha256
files/DATA/sub-CHOP049/derivatives/electrodes.tsv	14701	ok_sha256
files/DATA/sub-CHOP049/ses-postimplant/ieeg/sub-CHOP049_ses-postimplant_task-ictal114973_run-00_channels.tsv	8821	ok_sha256
files/DATA/sub-CHOP049/ses-postimplant/ieeg/sub-CHOP049_ses-postimplant_task-ictal114973_run-00_events.json	767	ok_sha256
files/DATA/sub-CHOP049/ses-postimplant/ieeg/sub-CHOP049_ses-postimplant_task-ictal114973_run-00_events.tsv	82	ok_sha256
files/DATA/sub-CHOP049/ses-postimplant/ieeg/sub-CHOP049_ses-postimplant_task-ictal114973_run-00_ieeg.edf	186704384	ok_sha256
files/DATA/sub-CHOP049/ses-postimplant/ieeg/sub-CHOP049_ses-postimplant_task-ictal114973_run-00_ieeg.json	479	ok_sha256
files/DATA/sub-CHOP049/ses-postimplant/ieeg/sub-CHOP049_ses-postimplant_task-stim241395_run-00_channels.tsv	8821	ok_sha256
files/DATA/sub-CHOP049/ses-postimplant/ieeg/sub-CHOP049_ses-postimplant_task-stim241395_run-00_events.json	767	ok_sha256
files/DATA/sub-CHOP049/ses-postimplant/ieeg/sub-CHOP049_ses-postimplant_task-stim241395_run-00_events.tsv	81	ok_sha256
files/DATA/sub-CHOP049/ses-postimplant/ieeg/sub-CHOP049_ses-postimplant_task-stim241395_run-00_ieeg.edf	186705920	ok_sha256
files/DATA/sub-CHOP049/ses-postimplant/ieeg/sub-CHOP049_ses-postimplant_task-stim241395_run-00_ieeg.json	474	ok_sha256
files/DATA/sub-CHOP049/ses-postimplant/sub-CHOP049_ses-postimplant_scans.tsv	160	ok_sha256
files/DATA/sub-HUP224/derivatives/electrodes.json	992	ok_sha256
files/DATA/sub-HUP224/derivatives/electrodes.tsv	23054	ok_sha256
files/DATA/sub-HUP224/ses-postimplant/ieeg/sub-HUP224_ses-postimplant_task-ictal339135_run-00_channels.tsv	11139	ok_sha256
files/DATA/sub-HUP224/ses-postimplant/ieeg/sub-HUP224_ses-postimplant_task-ictal339135_run-00_events.json	767	ok_sha256
files/DATA/sub-HUP224/ses-postimplant/ieeg/sub-HUP224_ses-postimplant_task-ictal339135_run-00_events.tsv	81	ok_sha256
files/DATA/sub-HUP224/ses-postimplant/ieeg/sub-HUP224_ses-postimplant_task-ictal339135_run-00_ieeg.edf	159758902	ok_sha256
files/DATA/sub-HUP224/ses-postimplant/ieeg/sub-HUP224_ses-postimplant_task-ictal339135_run-00_ieeg.json	476	ok_sha256
files/DATA/sub-HUP224/ses-postimplant/ieeg/sub-HUP224_ses-postimplant_task-ictal491462_run-00_channels.tsv	11139	ok_sha256
files/DATA/sub-HUP224/ses-postimplant/ieeg/sub-HUP224_ses-postimplant_task-ictal491462_run-00_events.json	767	ok_sha256
files/DATA/sub-HUP224/ses-postimplant/ieeg/sub-HUP224_ses-postimplant_task-ictal491462_run-00_events.tsv	80	ok_sha256
files/DATA/sub-HUP224/ses-postimplant/ieeg/sub-HUP224_ses-postimplant_task-ictal491462_run-00_ieeg.edf	150337102	ok_sha256
files/DATA/sub-HUP224/ses-postimplant/ieeg/sub-HUP224_ses-postimplant_task-ictal491462_run-00_ieeg.json	477	ok_sha256
files/DATA/sub-HUP224/ses-postimplant/ieeg/sub-HUP224_ses-postimplant_task-ictal519177_run-00_channels.tsv	11139	ok_sha256
files/DATA/sub-HUP224/ses-postimplant/ieeg/sub-HUP224_ses-postimplant_task-ictal519177_run-00_events.json	767	ok_sha256
files/DATA/sub-HUP224/ses-postimplant/ieeg/sub-HUP224_ses-postimplant_task-ictal519177_run-00_events.tsv	81	ok_sha256
files/DATA/sub-HUP224/ses-postimplant/ieeg/sub-HUP224_ses-postimplant_task-ictal519177_run-00_ieeg.edf	151277356	ok_sha256
files/DATA/sub-HUP224/ses-postimplant/ieeg/sub-HUP224_ses-postimplant_task-ictal519177_run-00_ieeg.json	478	ok_sha256
files/DATA/sub-HUP224/ses-postimplant/ieeg/sub-HUP224_ses-postimplant_task-stim71156_run-00_channels.tsv	11139	ok_sha256
files/DATA/sub-HUP224/ses-postimplant/ieeg/sub-HUP224_ses-postimplant_task-stim71156_run-00_events.json	767	ok_sha256
files/DATA/sub-HUP224/ses-postimplant/ieeg/sub-HUP224_ses-postimplant_task-stim71156_run-00_events.tsv	80	ok_sha256
files/DATA/sub-HUP224/ses-postimplant/ieeg/sub-HUP224_ses-postimplant_task-stim71156_run-00_ieeg.edf	129608592	ok_sha256
files/DATA/sub-HUP224/ses-postimplant/ieeg/sub-HUP224_ses-postimplant_task-stim71156_run-00_ieeg.json	476	ok_sha256
files/DATA/sub-HUP224/ses-postimplant/sub-HUP224_ses-postimplant_scans.tsv	295	ok_sha256
files/DATA/sub-HUP225/derivatives/electrodes.json	992	ok_sha256
files/DATA/sub-HUP225/derivatives/electrodes.tsv	16321	ok_sha256
files/DATA/sub-HUP225/ses-postimplant/ieeg/sub-HUP225_ses-postimplant_task-ictal304944_run-00_channels.tsv	8261	ok_sha256
files/DATA/sub-HUP225/ses-postimplant/ieeg/sub-HUP225_ses-postimplant_task-ictal304944_run-00_events.json	767	ok_sha256
files/DATA/sub-HUP225/ses-postimplant/ieeg/sub-HUP225_ses-postimplant_task-ictal304944_run-00_events.tsv	81	ok_sha256
files/DATA/sub-HUP225/ses-postimplant/ieeg/sub-HUP225_ses-postimplant_task-ictal304944_run-00_ieeg.edf	113583600	ok_sha256
files/DATA/sub-HUP225/ses-postimplant/ieeg/sub-HUP225_ses-postimplant_task-ictal304944_run-00_ieeg.json	478	ok_sha256
files/DATA/sub-HUP225/ses-postimplant/ieeg/sub-HUP225_ses-postimplant_task-ictal393496_run-00_channels.tsv	8261	ok_sha256
files/DATA/sub-HUP225/ses-postimplant/ieeg/sub-HUP225_ses-postimplant_task-ictal393496_run-00_events.json	767	ok_sha256
files/DATA/sub-HUP225/ses-postimplant/ieeg/sub-HUP225_ses-postimplant_task-ictal393496_run-00_events.tsv	81	ok_sha256
files/DATA/sub-HUP225/ses-postimplant/ieeg/sub-HUP225_ses-postimplant_task-ictal393496_run-00_ieeg.edf	114969560	ok_sha256
files/DATA/sub-HUP225/ses-postimplant/ieeg/sub-HUP225_ses-postimplant_task-ictal393496_run-00_ieeg.json	477	ok_sha256
files/DATA/sub-HUP225/ses-postimplant/ieeg/sub-HUP225_ses-postimplant_task-ictal408565_run-00_channels.tsv	8261	ok_sha256
files/DATA/sub-HUP225/ses-postimplant/ieeg/sub-HUP225_ses-postimplant_task-ictal408565_run-00_events.json	767	ok_sha256
files/DATA/sub-HUP225/ses-postimplant/ieeg/sub-HUP225_ses-postimplant_task-ictal408565_run-00_events.tsv	69	ok_sha256
files/DATA/sub-HUP225/ses-postimplant/ieeg/sub-HUP225_ses-postimplant_task-ictal408565_run-00_ieeg.edf	119460696	ok_sha256
files/DATA/sub-HUP225/ses-postimplant/ieeg/sub-HUP225_ses-postimplant_task-ictal408565_run-00_ieeg.json	478	ok_sha256
files/DATA/sub-HUP225/ses-postimplant/ieeg/sub-HUP225_ses-postimplant_task-stim159833_run-00_channels.tsv	8261	ok_sha256
files/DATA/sub-HUP225/ses-postimplant/ieeg/sub-HUP225_ses-postimplant_task-stim159833_run-00_events.json	767	ok_sha256
files/DATA/sub-HUP225/ses-postimplant/ieeg/sub-HUP225_ses-postimplant_task-stim159833_run-00_events.tsv	80	ok_sha256
files/DATA/sub-HUP225/ses-postimplant/ieeg/sub-HUP225_ses-postimplant_task-stim159833_run-00_ieeg.edf	110813696	ok_sha256
files/DATA/sub-HUP225/ses-postimplant/ieeg/sub-HUP225_ses-postimplant_task-stim159833_run-00_ieeg.json	477	ok_sha256
files/DATA/sub-HUP225/ses-postimplant/sub-HUP225_ses-postimplant_scans.tsv	296	ok_sha256
files/DATA/sub-HUP229/derivatives/electrodes.json	992	ok_sha256
files/DATA/sub-HUP229/derivatives/electrodes.tsv	11030	ok_sha256
files/DATA/sub-HUP229/ses-postimplant/ieeg/sub-HUP229_ses-postimplant_task-ictal541692_run-00_channels.tsv	6509	ok_sha256
files/DATA/sub-HUP229/ses-postimplant/ieeg/sub-HUP229_ses-postimplant_task-ictal541692_run-00_events.json	767	ok_sha256
files/DATA/sub-HUP229/ses-postimplant/ieeg/sub-HUP229_ses-postimplant_task-ictal541692_run-00_events.tsv	82	ok_sha256
files/DATA/sub-HUP229/ses-postimplant/ieeg/sub-HUP229_ses-postimplant_task-ictal541692_run-00_ieeg.edf	100017838	ok_sha256
files/DATA/sub-HUP229/ses-postimplant/ieeg/sub-HUP229_ses-postimplant_task-ictal541692_run-00_ieeg.json	474	ok_sha256
files/DATA/sub-HUP229/ses-postimplant/ieeg/sub-HUP229_ses-postimplant_task-stim1109_run-00_channels.tsv	6509	ok_sha256
files/DATA/sub-HUP229/ses-postimplant/ieeg/sub-HUP229_ses-postimplant_task-stim1109_run-00_events.json	767	ok_sha256
files/DATA/sub-HUP229/ses-postimplant/ieeg/sub-HUP229_ses-postimplant_task-stim1109_run-00_events.tsv	80	ok_sha256
files/DATA/sub-HUP229/ses-postimplant/ieeg/sub-HUP229_ses-postimplant_task-stim1109_run-00_ieeg.edf	83944232	ok_sha256
files/DATA/sub-HUP229/ses-postimplant/ieeg/sub-HUP229_ses-postimplant_task-stim1109_run-00_ieeg.json	474	ok_sha256
files/DATA/sub-HUP229/ses-postimplant/sub-HUP229_ses-postimplant_scans.tsv	156	ok_sha256
files/DATA/sub-HUP230/derivatives/electrodes.json	992	ok_sha256
files/DATA/sub-HUP230/derivatives/electrodes.tsv	8811	ok_sha256
files/DATA/sub-HUP230/ses-postimplant/ieeg/sub-HUP230_ses-postimplant_task-ictal251120_run-00_channels.tsv	5299	ok_sha256
files/DATA/sub-HUP230/ses-postimplant/ieeg/sub-HUP230_ses-postimplant_task-ictal251120_run-00_events.json	767	ok_sha256
files/DATA/sub-HUP230/ses-postimplant/ieeg/sub-HUP230_ses-postimplant_task-ictal251120_run-00_events.tsv	82	ok_sha256
files/DATA/sub-HUP230/ses-postimplant/ieeg/sub-HUP230_ses-postimplant_task-ictal251120_run-00_ieeg.edf	56442320	ok_sha256
files/DATA/sub-HUP230/ses-postimplant/ieeg/sub-HUP230_ses-postimplant_task-ictal251120_run-00_ieeg.json	478	ok_sha256
files/DATA/sub-HUP230/ses-postimplant/ieeg/sub-HUP230_ses-postimplant_task-ictal296207_run-00_channels.tsv	5299	ok_sha256
files/DATA/sub-HUP230/ses-postimplant/ieeg/sub-HUP230_ses-postimplant_task-ictal296207_run-00_events.json	767	ok_sha256
files/DATA/sub-HUP230/ses-postimplant/ieeg/sub-HUP230_ses-postimplant_task-ictal296207_run-00_events.tsv	82	ok_sha256
files/DATA/sub-HUP230/ses-postimplant/ieeg/sub-HUP230_ses-postimplant_task-ictal296207_run-00_ieeg.edf	84982016	ok_sha256
files/DATA/sub-HUP230/ses-postimplant/ieeg/sub-HUP230_ses-postimplant_task-ictal296207_run-00_ieeg.json	477	ok_sha256
files/DATA/sub-HUP230/ses-postimplant/ieeg/sub-HUP230_ses-postimplant_task-ictal371979_run-00_channels.tsv	5299	ok_sha256
files/DATA/sub-HUP230/ses-postimplant/ieeg/sub-HUP230_ses-postimplant_task-ictal371979_run-00_events.json	767	ok_sha256
files/DATA/sub-HUP230/ses-postimplant/ieeg/sub-HUP230_ses-postimplant_task-ictal371979_run-00_events.tsv	81	ok_sha256
files/DATA/sub-HUP230/ses-postimplant/ieeg/sub-HUP230_ses-postimplant_task-ictal371979_run-00_ieeg.edf	66617186	ok_sha256
files/DATA/sub-HUP230/ses-postimplant/ieeg/sub-HUP230_ses-postimplant_task-ictal371979_run-00_ieeg.json	478	ok_sha256
files/DATA/sub-HUP230/ses-postimplant/ieeg/sub-HUP230_ses-postimplant_task-stim3860_run-00_channels.tsv	5299	ok_sha256
files/DATA/sub-HUP230/ses-postimplant/ieeg/sub-HUP230_ses-postimplant_task-stim3860_run-00_events.json	767	ok_sha256
files/DATA/sub-HUP230/ses-postimplant/ieeg/sub-HUP230_ses-postimplant_task-stim3860_run-00_events.tsv	80	ok_sha256
files/DATA/sub-HUP230/ses-postimplant/ieeg/sub-HUP230_ses-postimplant_task-stim3860_run-00_ieeg.edf	57326730	ok_sha256
files/DATA/sub-HUP230/ses-postimplant/ieeg/sub-HUP230_ses-postimplant_task-stim3860_run-00_ieeg.json	475	ok_sha256
files/DATA/sub-HUP230/ses-postimplant/sub-HUP230_ses-postimplant_scans.tsv	294	ok_sha256
files/DATA/sub-HUP235/derivatives/electrodes.json	992	ok_sha256
files/DATA/sub-HUP235/derivatives/electrodes.tsv	9777	ok_sha256
files/DATA/sub-HUP235/ses-postimplant/ieeg/sub-HUP235_ses-postimplant_task-ictal107374_run-00_channels.tsv	4611	ok_sha256
files/DATA/sub-HUP235/ses-postimplant/ieeg/sub-HUP235_ses-postimplant_task-ictal107374_run-00_events.json	767	ok_sha256
files/DATA/sub-HUP235/ses-postimplant/ieeg/sub-HUP235_ses-postimplant_task-ictal107374_run-00_events.tsv	82	ok_sha256
files/DATA/sub-HUP235/ses-postimplant/ieeg/sub-HUP235_ses-postimplant_task-ictal107374_run-00_ieeg.edf	49512496	ok_sha256
files/DATA/sub-HUP235/ses-postimplant/ieeg/sub-HUP235_ses-postimplant_task-ictal107374_run-00_ieeg.json	477	ok_sha256
files/DATA/sub-HUP235/ses-postimplant/ieeg/sub-HUP235_ses-postimplant_task-ictal126735_run-00_channels.tsv	4611	ok_sha256
files/DATA/sub-HUP235/ses-postimplant/ieeg/sub-HUP235_ses-postimplant_task-ictal126735_run-00_events.json	767	ok_sha256
files/DATA/sub-HUP235/ses-postimplant/ieeg/sub-HUP235_ses-postimplant_task-ictal126735_run-00_events.tsv	82	ok_sha256
files/DATA/sub-HUP235/ses-postimplant/ieeg/sub-HUP235_ses-postimplant_task-ictal126735_run-00_ieeg.edf	50667856	ok_sha256
files/DATA/sub-HUP235/ses-postimplant/ieeg/sub-HUP235_ses-postimplant_task-ictal126735_run-00_ieeg.json	477	ok_sha256
files/DATA/sub-HUP235/ses-postimplant/ieeg/sub-HUP235_ses-postimplant_task-ictal497084_run-00_channels.tsv	4611	ok_sha256
files/DATA/sub-HUP235/ses-postimplant/ieeg/sub-HUP235_ses-postimplant_task-ictal497084_run-00_events.json	767	ok_sha256
files/DATA/sub-HUP235/ses-postimplant/ieeg/sub-HUP235_ses-postimplant_task-ictal497084_run-00_events.tsv	82	ok_sha256
files/DATA/sub-HUP235/ses-postimplant/ieeg/sub-HUP235_ses-postimplant_task-ictal497084_run-00_ieeg.edf	71656896	ok_sha256
files/DATA/sub-HUP235/ses-postimplant/ieeg/sub-HUP235_ses-postimplant_task-ictal497084_run-00_ieeg.json	477	ok_sha256
files/DATA/sub-HUP235/ses-postimplant/ieeg/sub-HUP235_ses-postimplant_task-stim17776_run-00_channels.tsv	4611	ok_sha256
files/DATA/sub-HUP235/ses-postimplant/ieeg/sub-HUP235_ses-postimplant_task-stim17776_run-00_events.json	767	ok_sha256
files/DATA/sub-HUP235/ses-postimplant/ieeg/sub-HUP235_ses-postimplant_task-stim17776_run-00_events.tsv	80	ok_sha256
files/DATA/sub-HUP235/ses-postimplant/ieeg/sub-HUP235_ses-postimplant_task-stim17776_run-00_ieeg.edf	59139268	ok_sha256
files/DATA/sub-HUP235/ses-postimplant/ieeg/sub-HUP235_ses-postimplant_task-stim17776_run-00_ieeg.json	475	ok_sha256
files/DATA/sub-HUP235/ses-postimplant/sub-HUP235_ses-postimplant_scans.tsv	295	ok_sha256
files/DATA/sub-HUP238/derivatives/electrodes.json	992	ok_sha256
files/DATA/sub-HUP238/derivatives/electrodes.tsv	11483	ok_sha256
files/DATA/sub-HUP238/ses-postimplant/ieeg/sub-HUP238_ses-postimplant_task-ictal290006_run-00_channels.tsv	6397	ok_sha256
files/DATA/sub-HUP238/ses-postimplant/ieeg/sub-HUP238_ses-postimplant_task-ictal290006_run-00_events.json	767	ok_sha256
files/DATA/sub-HUP238/ses-postimplant/ieeg/sub-HUP238_ses-postimplant_task-ictal290006_run-00_events.tsv	82	ok_sha256
files/DATA/sub-HUP238/ses-postimplant/ieeg/sub-HUP238_ses-postimplant_task-ictal290006_run-00_ieeg.edf	103611744	ok_sha256
files/DATA/sub-HUP238/ses-postimplant/ieeg/sub-HUP238_ses-postimplant_task-ictal290006_run-00_ieeg.json	478	ok_sha256
files/DATA/sub-HUP238/ses-postimplant/ieeg/sub-HUP238_ses-postimplant_task-ictal412267_run-00_channels.tsv	6397	ok_sha256
files/DATA/sub-HUP238/ses-postimplant/ieeg/sub-HUP238_ses-postimplant_task-ictal412267_run-00_events.json	767	ok_sha256
files/DATA/sub-HUP238/ses-postimplant/ieeg/sub-HUP238_ses-postimplant_task-ictal412267_run-00_events.tsv	82	ok_sha256
files/DATA/sub-HUP238/ses-postimplant/ieeg/sub-HUP238_ses-postimplant_task-ictal412267_run-00_ieeg.edf	95562376	ok_sha256
files/DATA/sub-HUP238/ses-postimplant/ieeg/sub-HUP238_ses-postimplant_task-ictal412267_run-00_ieeg.json	476	ok_sha256
files/DATA/sub-HUP238/ses-postimplant/ieeg/sub-HUP238_ses-postimplant_task-ictal465564_run-00_channels.tsv	6397	ok_sha256
files/DATA/sub-HUP238/ses-postimplant/ieeg/sub-HUP238_ses-postimplant_task-ictal465564_run-00_events.json	767	ok_sha256
files/DATA/sub-HUP238/ses-postimplant/ieeg/sub-HUP238_ses-postimplant_task-ictal465564_run-00_events.tsv	82	ok_sha256
files/DATA/sub-HUP238/ses-postimplant/ieeg/sub-HUP238_ses-postimplant_task-ictal465564_run-00_ieeg.edf	95830000	ok_sha256
files/DATA/sub-HUP238/ses-postimplant/ieeg/sub-HUP238_ses-postimplant_task-ictal465564_run-00_ieeg.json	478	ok_sha256
files/DATA/sub-HUP238/ses-postimplant/ieeg/sub-HUP238_ses-postimplant_task-stim10640_run-00_channels.tsv	6397	ok_sha256
files/DATA/sub-HUP238/ses-postimplant/ieeg/sub-HUP238_ses-postimplant_task-stim10640_run-00_events.json	767	ok_sha256
files/DATA/sub-HUP238/ses-postimplant/ieeg/sub-HUP238_ses-postimplant_task-stim10640_run-00_events.tsv	81	ok_sha256
files/DATA/sub-HUP238/ses-postimplant/ieeg/sub-HUP238_ses-postimplant_task-stim10640_run-00_ieeg.edf	105220976	ok_sha256
files/DATA/sub-HUP238/ses-postimplant/ieeg/sub-HUP238_ses-postimplant_task-stim10640_run-00_ieeg.json	476	ok_sha256
files/DATA/sub-HUP238/ses-postimplant/sub-HUP238_ses-postimplant_scans.tsv	295	ok_sha256
files/DATA/sub-HUP246/derivatives/electrodes.json	992	ok_sha256
files/DATA/sub-HUP246/derivatives/electrodes.tsv	11862	ok_sha256
files/DATA/sub-HUP246/ses-postimplant/ieeg/sub-HUP246_ses-postimplant_task-ictal754436_run-00_channels.tsv	5629	ok_sha256
files/DATA/sub-HUP246/ses-postimplant/ieeg/sub-HUP246_ses-postimplant_task-ictal754436_run-00_events.json	767	ok_sha256
files/DATA/sub-HUP246/ses-postimplant/ieeg/sub-HUP246_ses-postimplant_task-ictal754436_run-00_events.tsv	82	ok_sha256
files/DATA/sub-HUP246/ses-postimplant/ieeg/sub-HUP246_ses-postimplant_task-ictal754436_run-00_ieeg.edf	88130888	ok_sha256
files/DATA/sub-HUP246/ses-postimplant/ieeg/sub-HUP246_ses-postimplant_task-ictal754436_run-00_ieeg.json	478	ok_sha256
files/DATA/sub-HUP246/ses-postimplant/ieeg/sub-HUP246_ses-postimplant_task-stim14638_run-00_channels.tsv	5629	ok_sha256
files/DATA/sub-HUP246/ses-postimplant/ieeg/sub-HUP246_ses-postimplant_task-stim14638_run-00_events.json	767	ok_sha256
files/DATA/sub-HUP246/ses-postimplant/ieeg/sub-HUP246_ses-postimplant_task-stim14638_run-00_events.tsv	80	ok_sha256
files/DATA/sub-HUP246/ses-postimplant/ieeg/sub-HUP246_ses-postimplant_task-stim14638_run-00_ieeg.edf	76590202	ok_sha256
files/DATA/sub-HUP246/ses-postimplant/ieeg/sub-HUP246_ses-postimplant_task-stim14638_run-00_ieeg.json	475	ok_sha256
files/DATA/sub-HUP246/ses-postimplant/sub-HUP246_ses-postimplant_scans.tsv	157	ok_sha256
files/DATA/sub-HUP247/derivatives/electrodes.json	992	ok_sha256
files/DATA/sub-HUP247/derivatives/electrodes.tsv	4732	ok_sha256
files/DATA/sub-HUP247/ses-postimplant/ieeg/sub-HUP247_ses-postimplant_task-ictal20694_run-01_channels.tsv	2883	ok_sha256
files/DATA/sub-HUP247/ses-postimplant/ieeg/sub-HUP247_ses-postimplant_task-ictal20694_run-01_events.json	767	ok_sha256
files/DATA/sub-HUP247/ses-postimplant/ieeg/sub-HUP247_ses-postimplant_task-ictal20694_run-01_events.tsv	82	ok_sha256
files/DATA/sub-HUP247/ses-postimplant/ieeg/sub-HUP247_ses-postimplant_task-ictal20694_run-01_ieeg.edf	31744038	ok_sha256
files/DATA/sub-HUP247/ses-postimplant/ieeg/sub-HUP247_ses-postimplant_task-ictal20694_run-01_ieeg.json	474	ok_sha256
files/DATA/sub-HUP247/ses-postimplant/ieeg/sub-HUP247_ses-postimplant_task-ictal263028_run-01_channels.tsv	2883	ok_sha256
files/DATA/sub-HUP247/ses-postimplant/ieeg/sub-HUP247_ses-postimplant_task-ictal263028_run-01_events.json	767	ok_sha256
files/DATA/sub-HUP247/ses-postimplant/ieeg/sub-HUP247_ses-postimplant_task-ictal263028_run-01_events.tsv	82	ok_sha256
files/DATA/sub-HUP247/ses-postimplant/ieeg/sub-HUP247_ses-postimplant_task-ictal263028_run-01_ieeg.edf	31744038	ok_sha256
files/DATA/sub-HUP247/ses-postimplant/ieeg/sub-HUP247_ses-postimplant_task-ictal263028_run-01_ieeg.json	476	ok_sha256
files/DATA/sub-HUP247/ses-postimplant/ieeg/sub-HUP247_ses-postimplant_task-ictal453842_run-01_channels.tsv	2883	ok_sha256
files/DATA/sub-HUP247/ses-postimplant/ieeg/sub-HUP247_ses-postimplant_task-ictal453842_run-01_events.json	767	ok_sha256
files/DATA/sub-HUP247/ses-postimplant/ieeg/sub-HUP247_ses-postimplant_task-ictal453842_run-01_events.tsv	82	ok_sha256
files/DATA/sub-HUP247/ses-postimplant/ieeg/sub-HUP247_ses-postimplant_task-ictal453842_run-01_ieeg.edf	31624672	ok_sha256
files/DATA/sub-HUP247/ses-postimplant/ieeg/sub-HUP247_ses-postimplant_task-ictal453842_run-01_ieeg.json	477	ok_sha256
files/DATA/sub-HUP247/ses-postimplant/ieeg/sub-HUP247_ses-postimplant_task-stim15093_run-00_channels.tsv	2883	ok_sha256
files/DATA/sub-HUP247/ses-postimplant/ieeg/sub-HUP247_ses-postimplant_task-stim15093_run-00_events.json	767	ok_sha256
files/DATA/sub-HUP247/ses-postimplant/ieeg/sub-HUP247_ses-postimplant_task-stim15093_run-00_events.tsv	81	ok_sha256
files/DATA/sub-HUP247/ses-postimplant/ieeg/sub-HUP247_ses-postimplant_task-stim15093_run-00_ieeg.edf	31505840	ok_sha256
files/DATA/sub-HUP247/ses-postimplant/ieeg/sub-HUP247_ses-postimplant_task-stim15093_run-00_ieeg.json	475	ok_sha256
files/DATA/sub-HUP247/ses-postimplant/sub-HUP247_ses-postimplant_scans.tsv	294	ok_sha256
files/DATA/sub-HUP249/derivatives/electrodes.json	992	ok_sha256
files/DATA/sub-HUP249/derivatives/electrodes.tsv	14336	ok_sha256
files/DATA/sub-HUP249/ses-postimplant/ieeg/sub-HUP249_ses-postimplant_task-ictal165399_run-00_channels.tsv	8643	ok_sha256
files/DATA/sub-HUP249/ses-postimplant/ieeg/sub-HUP249_ses-postimplant_task-ictal165399_run-00_events.json	767	ok_sha256
files/DATA/sub-HUP249/ses-postimplant/ieeg/sub-HUP249_ses-postimplant_task-ictal165399_run-00_events.tsv	81	ok_sha256
files/DATA/sub-HUP249/ses-postimplant/ieeg/sub-HUP249_ses-postimplant_task-ictal165399_run-00_ieeg.edf	120726694	ok_sha256
files/DATA/sub-HUP249/ses-postimplant/ieeg/sub-HUP249_ses-postimplant_task-ictal165399_run-00_ieeg.json	476	ok_sha256
files/DATA/sub-HUP249/ses-postimplant/ieeg/sub-HUP249_ses-postimplant_task-ictal439029_run-00_channels.tsv	8643	ok_sha256
files/DATA/sub-HUP249/ses-postimplant/ieeg/sub-HUP249_ses-postimplant_task-ictal439029_run-00_events.json	767	ok_sha256
files/DATA/sub-HUP249/ses-postimplant/ieeg/sub-HUP249_ses-postimplant_task-ictal439029_run-00_events.tsv	82	ok_sha256
files/DATA/sub-HUP249/ses-postimplant/ieeg/sub-HUP249_ses-postimplant_task-ictal439029_run-00_ieeg.edf	126558116	ok_sha256
files/DATA/sub-HUP249/ses-postimplant/ieeg/sub-HUP249_ses-postimplant_task-ictal439029_run-00_ieeg.json	478	ok_sha256
files/DATA/sub-HUP249/ses-postimplant/ieeg/sub-HUP249_ses-postimplant_task-stim16147_run-00_channels.tsv	8643	ok_sha256
files/DATA/sub-HUP249/ses-postimplant/ieeg/sub-HUP249_ses-postimplant_task-stim16147_run-00_events.json	767	ok_sha256
files/DATA/sub-HUP249/ses-postimplant/ieeg/sub-HUP249_ses-postimplant_task-stim16147_run-00_events.tsv	80	ok_sha256
files/DATA/sub-HUP249/ses-postimplant/ieeg/sub-HUP249_ses-postimplant_task-stim16147_run-00_ieeg.edf	102861024	ok_sha256
files/DATA/sub-HUP249/ses-postimplant/ieeg/sub-HUP249_ses-postimplant_task-stim16147_run-00_ieeg.json	476	ok_sha256
files/DATA/sub-HUP249/ses-postimplant/ieeg/sub-HUP249_ses-postimplant_task-stim187227_run-00_channels.tsv	8643	ok_sha256
files/DATA/sub-HUP249/ses-postimplant/ieeg/sub-HUP249_ses-postimplant_task-stim187227_run-00_events.json	767	ok_sha256
files/DATA/sub-HUP249/ses-postimplant/ieeg/sub-HUP249_ses-postimplant_task-stim187227_run-00_events.tsv	81	ok_sha256
files/DATA/sub-HUP249/ses-postimplant/ieeg/sub-HUP249_ses-postimplant_task-stim187227_run-00_ieeg.edf	104319964	ok_sha256
files/DATA/sub-HUP249/ses-postimplant/ieeg/sub-HUP249_ses-postimplant_task-stim187227_run-00_ieeg.json	474	ok_sha256
files/DATA/sub-HUP249/ses-postimplant/sub-HUP249_ses-postimplant_scans.tsv	294	ok_sha256
files/DATA/sub-HUP250/derivatives/electrodes.json	992	ok_sha256
files/DATA/sub-HUP250/derivatives/electrodes.tsv	17360	ok_sha256
files/DATA/sub-HUP250/ses-postimplant/ieeg/sub-HUP250_ses-postimplant_task-ictal209153_run-01_channels.tsv	8271	ok_sha256
files/DATA/sub-HUP250/ses-postimplant/ieeg/sub-HUP250_ses-postimplant_task-ictal209153_run-01_events.json	767	ok_sha256
files/DATA/sub-HUP250/ses-postimplant/ieeg/sub-HUP250_ses-postimplant_task-ictal209153_run-01_events.tsv	81	ok_sha256
files/DATA/sub-HUP250/ses-postimplant/ieeg/sub-HUP250_ses-postimplant_task-ictal209153_run-01_ieeg.edf	103114192	ok_sha256
files/DATA/sub-HUP250/ses-postimplant/ieeg/sub-HUP250_ses-postimplant_task-ictal209153_run-01_ieeg.json	477	ok_sha256
files/DATA/sub-HUP250/ses-postimplant/ieeg/sub-HUP250_ses-postimplant_task-ictal271748_run-01_channels.tsv	8271	ok_sha256
files/DATA/sub-HUP250/ses-postimplant/ieeg/sub-HUP250_ses-postimplant_task-ictal271748_run-01_events.json	767	ok_sha256
files/DATA/sub-HUP250/ses-postimplant/ieeg/sub-HUP250_ses-postimplant_task-ictal271748_run-01_events.tsv	81	ok_sha256
files/DATA/sub-HUP250/ses-postimplant/ieeg/sub-HUP250_ses-postimplant_task-ictal271748_run-01_ieeg.edf	98934536	ok_sha256
files/DATA/sub-HUP250/ses-postimplant/ieeg/sub-HUP250_ses-postimplant_task-ictal271748_run-01_ieeg.json	478	ok_sha256
files/DATA/sub-HUP250/ses-postimplant/ieeg/sub-HUP250_ses-postimplant_task-ictal448880_run-01_channels.tsv	8271	ok_sha256
files/DATA/sub-HUP250/ses-postimplant/ieeg/sub-HUP250_ses-postimplant_task-ictal448880_run-01_events.json	767	ok_sha256
files/DATA/sub-HUP250/ses-postimplant/ieeg/sub-HUP250_ses-postimplant_task-ictal448880_run-01_events.tsv	81	ok_sha256
files/DATA/sub-HUP250/ses-postimplant/ieeg/sub-HUP250_ses-postimplant_task-ictal448880_run-01_ieeg.edf	102765982	ok_sha256
files/DATA/sub-HUP250/ses-postimplant/ieeg/sub-HUP250_ses-postimplant_task-ictal448880_run-01_ieeg.json	477	ok_sha256
files/DATA/sub-HUP250/ses-postimplant/ieeg/sub-HUP250_ses-postimplant_task-stim17184_run-00_channels.tsv	8271	ok_sha256
files/DATA/sub-HUP250/ses-postimplant/ieeg/sub-HUP250_ses-postimplant_task-stim17184_run-00_events.json	767	ok_sha256
files/DATA/sub-HUP250/ses-postimplant/ieeg/sub-HUP250_ses-postimplant_task-stim17184_run-00_events.tsv	80	ok_sha256
files/DATA/sub-HUP250/ses-postimplant/ieeg/sub-HUP250_ses-postimplant_task-stim17184_run-00_ieeg.edf	96498202	ok_sha256
files/DATA/sub-HUP250/ses-postimplant/ieeg/sub-HUP250_ses-postimplant_task-stim17184_run-00_ieeg.json	475	ok_sha256
files/DATA/sub-HUP250/ses-postimplant/sub-HUP250_ses-postimplant_scans.tsv	295	ok_sha256
files/DATA/sub-HUP253/derivatives/electrodes.json	992	ok_sha256
files/DATA/sub-HUP253/derivatives/electrodes.tsv	8176	ok_sha256
files/DATA/sub-HUP253/ses-postimplant/ieeg/sub-HUP253_ses-postimplant_task-ictal286026_run-01_channels.tsv	5007	ok_sha256
files/DATA/sub-HUP253/ses-postimplant/ieeg/sub-HUP253_ses-postimplant_task-ictal286026_run-01_events.json	767	ok_sha256
files/DATA/sub-HUP253/ses-postimplant/ieeg/sub-HUP253_ses-postimplant_task-ictal286026_run-01_events.tsv	81	ok_sha256
files/DATA/sub-HUP253/ses-postimplant/ieeg/sub-HUP253_ses-postimplant_task-ictal286026_run-01_ieeg.edf	57695720	ok_sha256
files/DATA/sub-HUP253/ses-postimplant/ieeg/sub-HUP253_ses-postimplant_task-ictal286026_run-01_ieeg.json	476	ok_sha256
files/DATA/sub-HUP253/ses-postimplant/ieeg/sub-HUP253_ses-postimplant_task-ictal45666_run-01_channels.tsv	5007	ok_sha256
files/DATA/sub-HUP253/ses-postimplant/ieeg/sub-HUP253_ses-postimplant_task-ictal45666_run-01_events.json	767	ok_sha256
files/DATA/sub-HUP253/ses-postimplant/ieeg/sub-HUP253_ses-postimplant_task-ictal45666_run-01_events.tsv	81	ok_sha256
files/DATA/sub-HUP253/ses-postimplant/ieeg/sub-HUP253_ses-postimplant_task-ictal45666_run-01_ieeg.edf	57695168	ok_sha256
files/DATA/sub-HUP253/ses-postimplant/ieeg/sub-HUP253_ses-postimplant_task-ictal45666_run-01_ieeg.json	477	ok_sha256
files/DATA/sub-HUP253/ses-postimplant/ieeg/sub-HUP253_ses-postimplant_task-ictal68657_run-01_channels.tsv	5007	ok_sha256
files/DATA/sub-HUP253/ses-postimplant/ieeg/sub-HUP253_ses-postimplant_task-ictal68657_run-01_events.json	767	ok_sha256
files/DATA/sub-HUP253/ses-postimplant/ieeg/sub-HUP253_ses-postimplant_task-ictal68657_run-01_events.tsv	81	ok_sha256
files/DATA/sub-HUP253/ses-postimplant/ieeg/sub-HUP253_ses-postimplant_task-ictal68657_run-01_ieeg.edf	56859936	ok_sha256
files/DATA/sub-HUP253/ses-postimplant/ieeg/sub-HUP253_ses-postimplant_task-ictal68657_run-01_ieeg.json	474	ok_sha256
files/DATA/sub-HUP253/ses-postimplant/ieeg/sub-HUP253_ses-postimplant_task-stim15516_run-00_channels.tsv	5007	ok_sha256
files/DATA/sub-HUP253/ses-postimplant/ieeg/sub-HUP253_ses-postimplant_task-stim15516_run-00_events.json	767	ok_sha256
files/DATA/sub-HUP253/ses-postimplant/ieeg/sub-HUP253_ses-postimplant_task-stim15516_run-00_events.tsv	80	ok_sha256
files/DATA/sub-HUP253/ses-postimplant/ieeg/sub-HUP253_ses-postimplant_task-stim15516_run-00_ieeg.edf	57904666	ok_sha256
files/DATA/sub-HUP253/ses-postimplant/ieeg/sub-HUP253_ses-postimplant_task-stim15516_run-00_ieeg.json	473	ok_sha256
files/DATA/sub-HUP253/ses-postimplant/sub-HUP253_ses-postimplant_scans.tsv	293	ok_sha256
files/DATA/sub-HUP257/derivatives/electrodes.json	992	ok_sha256
files/DATA/sub-HUP257/derivatives/electrodes.tsv	9489	ok_sha256
files/DATA/sub-HUP257/ses-postimplant/ieeg/sub-HUP257_ses-postimplant_task-ictal387681_run-01_channels.tsv	5775	ok_sha256
files/DATA/sub-HUP257/ses-postimplant/ieeg/sub-HUP257_ses-postimplant_task-ictal387681_run-01_events.json	767	ok_sha256
files/DATA/sub-HUP257/ses-postimplant/ieeg/sub-HUP257_ses-postimplant_task-ictal387681_run-01_events.tsv	82	ok_sha256
files/DATA/sub-HUP257/ses-postimplant/ieeg/sub-HUP257_ses-postimplant_task-ictal387681_run-01_ieeg.edf	112184160	ok_sha256
files/DATA/sub-HUP257/ses-postimplant/ieeg/sub-HUP257_ses-postimplant_task-ictal387681_run-01_ieeg.json	478	ok_sha256
files/DATA/sub-HUP257/ses-postimplant/ieeg/sub-HUP257_ses-postimplant_task-ictal412046_run-01_channels.tsv	5775	ok_sha256
files/DATA/sub-HUP257/ses-postimplant/ieeg/sub-HUP257_ses-postimplant_task-ictal412046_run-01_events.json	767	ok_sha256
files/DATA/sub-HUP257/ses-postimplant/ieeg/sub-HUP257_ses-postimplant_task-ictal412046_run-01_events.tsv	82	ok_sha256
files/DATA/sub-HUP257/ses-postimplant/ieeg/sub-HUP257_ses-postimplant_task-ictal412046_run-01_ieeg.edf	89948328	ok_sha256
files/DATA/sub-HUP257/ses-postimplant/ieeg/sub-HUP257_ses-postimplant_task-ictal412046_run-01_ieeg.json	476	ok_sha256
files/DATA/sub-HUP257/ses-postimplant/ieeg/sub-HUP257_ses-postimplant_task-ictal443897_run-01_channels.tsv	5775	ok_sha256
files/DATA/sub-HUP257/ses-postimplant/ieeg/sub-HUP257_ses-postimplant_task-ictal443897_run-01_events.json	767	ok_sha256
files/DATA/sub-HUP257/ses-postimplant/ieeg/sub-HUP257_ses-postimplant_task-ictal443897_run-01_events.tsv	82	ok_sha256
files/DATA/sub-HUP257/ses-postimplant/ieeg/sub-HUP257_ses-postimplant_task-ictal443897_run-01_ieeg.edf	83180336	ok_sha256
files/DATA/sub-HUP257/ses-postimplant/ieeg/sub-HUP257_ses-postimplant_task-ictal443897_run-01_ieeg.json	477	ok_sha256
files/DATA/sub-HUP257/ses-postimplant/ieeg/sub-HUP257_ses-postimplant_task-stim8576_run-00_channels.tsv	5775	ok_sha256
files/DATA/sub-HUP257/ses-postimplant/ieeg/sub-HUP257_ses-postimplant_task-stim8576_run-00_events.json	767	ok_sha256
files/DATA/sub-HUP257/ses-postimplant/ieeg/sub-HUP257_ses-postimplant_task-stim8576_run-00_events.tsv	80	ok_sha256
files/DATA/sub-HUP257/ses-postimplant/ieeg/sub-HUP257_ses-postimplant_task-stim8576_run-00_ieeg.edf	74478632	ok_sha256
files/DATA/sub-HUP257/ses-postimplant/ieeg/sub-HUP257_ses-postimplant_task-stim8576_run-00_ieeg.json	473	ok_sha256
files/DATA/sub-HUP257/ses-postimplant/sub-HUP257_ses-postimplant_scans.tsv	294	ok_sha256
files/DATA/sub-HUP261/derivatives/electrodes.json	992	ok_sha256
files/DATA/sub-HUP261/derivatives/electrodes.tsv	9429	ok_sha256
files/DATA/sub-HUP261/ses-postimplant/ieeg/sub-HUP261_ses-postimplant_task-ictal271899_run-00_channels.tsv	5763	ok_sha256
files/DATA/sub-HUP261/ses-postimplant/ieeg/sub-HUP261_ses-postimplant_task-ictal271899_run-00_events.json	767	ok_sha256
files/DATA/sub-HUP261/ses-postimplant/ieeg/sub-HUP261_ses-postimplant_task-ictal271899_run-00_events.tsv	82	ok_sha256
files/DATA/sub-HUP261/ses-postimplant/ieeg/sub-HUP261_ses-postimplant_task-ictal271899_run-00_ieeg.edf	107349960	ok_sha256
files/DATA/sub-HUP261/ses-postimplant/ieeg/sub-HUP261_ses-postimplant_task-ictal271899_run-00_ieeg.json	478	ok_sha256
files/DATA/sub-HUP261/ses-postimplant/sub-HUP261_ses-postimplant_scans.tsv	90	ok_sha256
files/DATA/sub-HUP263/derivatives/electrodes.json	992	ok_sha256
files/DATA/sub-HUP263/derivatives/electrodes.tsv	10354	ok_sha256
files/DATA/sub-HUP263/ses-postimplant/ieeg/sub-HUP263_ses-postimplant_task-ictal212899_run-00_channels.tsv	6061	ok_sha256
files/DATA/sub-HUP263/ses-postimplant/ieeg/sub-HUP263_ses-postimplant_task-ictal212899_run-00_events.json	767	ok_sha256
files/DATA/sub-HUP263/ses-postimplant/ieeg/sub-HUP263_ses-postimplant_task-ictal212899_run-00_events.tsv	81	ok_sha256
files/DATA/sub-HUP263/ses-postimplant/ieeg/sub-HUP263_ses-postimplant_task-ictal212899_run-00_ieeg.edf	77248256	ok_sha256
files/DATA/sub-HUP263/ses-postimplant/ieeg/sub-HUP263_ses-postimplant_task-ictal212899_run-00_ieeg.json	478	ok_sha256
files/DATA/sub-HUP263/ses-postimplant/ieeg/sub-HUP263_ses-postimplant_task-ictal272461_run-00_channels.tsv	6061	ok_sha256
files/DATA/sub-HUP263/ses-postimplant/ieeg/sub-HUP263_ses-postimplant_task-ictal272461_run-00_events.json	767	ok_sha256
files/DATA/sub-HUP263/ses-postimplant/ieeg/sub-HUP263_ses-postimplant_task-ictal272461_run-00_events.tsv	81	ok_sha256
files/DATA/sub-HUP263/ses-postimplant/ieeg/sub-HUP263_ses-postimplant_task-ictal272461_run-00_ieeg.edf	78518874	ok_sha256
files/DATA/sub-HUP263/ses-postimplant/ieeg/sub-HUP263_ses-postimplant_task-ictal272461_run-00_ieeg.json	477	ok_sha256
files/DATA/sub-HUP263/ses-postimplant/ieeg/sub-HUP263_ses-postimplant_task-stim89587_run-00_channels.tsv	6061	ok_sha256
files/DATA/sub-HUP263/ses-postimplant/ieeg/sub-HUP263_ses-postimplant_task-stim89587_run-00_events.json	767	ok_sha256
files/DATA/sub-HUP263/ses-postimplant/ieeg/sub-HUP263_ses-postimplant_task-stim89587_run-00_events.tsv	81	ok_sha256
files/DATA/sub-HUP263/ses-postimplant/ieeg/sub-HUP263_ses-postimplant_task-stim89587_run-00_ieeg.edf	95029004	ok_sha256
files/DATA/sub-HUP263/ses-postimplant/ieeg/sub-HUP263_ses-postimplant_task-stim89587_run-00_ieeg.json	475	ok_sha256
files/DATA/sub-HUP263/ses-postimplant/sub-HUP263_ses-postimplant_scans.tsv	226	ok_sha256
files/DATA/sub-HUP266/derivatives/electrodes.json	992	ok_sha256
files/DATA/sub-HUP266/derivatives/electrodes.tsv	9363	ok_sha256
files/DATA/sub-HUP266/ses-postimplant/ieeg/sub-HUP266_ses-postimplant_task-ictal253214_run-00_channels.tsv	5679	ok_sha256
files/DATA/sub-HUP266/ses-postimplant/ieeg/sub-HUP266_ses-postimplant_task-ictal253214_run-00_events.json	767	ok_sha256
files/DATA/sub-HUP266/ses-postimplant/ieeg/sub-HUP266_ses-postimplant_task-ictal253214_run-00_events.tsv	80	ok_sha256
files/DATA/sub-HUP266/ses-postimplant/ieeg/sub-HUP266_ses-postimplant_task-ictal253214_run-00_ieeg.edf	66224560	ok_sha256
files/DATA/sub-HUP266/ses-postimplant/ieeg/sub-HUP266_ses-postimplant_task-ictal253214_run-00_ieeg.json	478	ok_sha256
files/DATA/sub-HUP266/ses-postimplant/ieeg/sub-HUP266_ses-postimplant_task-ictal301581_run-00_channels.tsv	5679	ok_sha256
files/DATA/sub-HUP266/ses-postimplant/ieeg/sub-HUP266_ses-postimplant_task-ictal301581_run-00_events.json	767	ok_sha256
files/DATA/sub-HUP266/ses-postimplant/ieeg/sub-HUP266_ses-postimplant_task-ictal301581_run-00_events.tsv	82	ok_sha256
files/DATA/sub-HUP266/ses-postimplant/ieeg/sub-HUP266_ses-postimplant_task-ictal301581_run-00_ieeg.edf	114045832	ok_sha256
files/DATA/sub-HUP266/ses-postimplant/ieeg/sub-HUP266_ses-postimplant_task-ictal301581_run-00_ieeg.json	477	ok_sha256
files/DATA/sub-HUP266/ses-postimplant/ieeg/sub-HUP266_ses-postimplant_task-ictal418859_run-00_channels.tsv	5679	ok_sha256
files/DATA/sub-HUP266/ses-postimplant/ieeg/sub-HUP266_ses-postimplant_task-ictal418859_run-00_events.json	767	ok_sha256
files/DATA/sub-HUP266/ses-postimplant/ieeg/sub-HUP266_ses-postimplant_task-ictal418859_run-00_events.tsv	81	ok_sha256
files/DATA/sub-HUP266/ses-postimplant/ieeg/sub-HUP266_ses-postimplant_task-ictal418859_run-00_ieeg.edf	72111924	ok_sha256
files/DATA/sub-HUP266/ses-postimplant/ieeg/sub-HUP266_ses-postimplant_task-ictal418859_run-00_ieeg.json	478	ok_sha256
files/DATA/sub-HUP266/ses-postimplant/ieeg/sub-HUP266_ses-postimplant_task-stim12508_run-00_channels.tsv	5679	ok_sha256
files/DATA/sub-HUP266/ses-postimplant/ieeg/sub-HUP266_ses-postimplant_task-stim12508_run-00_events.json	767	ok_sha256
files/DATA/sub-HUP266/ses-postimplant/ieeg/sub-HUP266_ses-postimplant_task-stim12508_run-00_events.tsv	80	ok_sha256
files/DATA/sub-HUP266/ses-postimplant/ieeg/sub-HUP266_ses-postimplant_task-stim12508_run-00_ieeg.edf	67167402	ok_sha256
files/DATA/sub-HUP266/ses-postimplant/ieeg/sub-HUP266_ses-postimplant_task-stim12508_run-00_ieeg.json	475	ok_sha256
files/DATA/sub-HUP266/ses-postimplant/sub-HUP266_ses-postimplant_scans.tsv	295	ok_sha256
files/DATA/sub-HUP267/derivatives/electrodes.json	992	ok_sha256
files/DATA/sub-HUP267/derivatives/electrodes.tsv	12975	ok_sha256
files/DATA/sub-HUP267/ses-postimplant/ieeg/sub-HUP267_ses-postimplant_task-ictal49987_run-01_channels.tsv	7895	ok_sha256
files/DATA/sub-HUP267/ses-postimplant/ieeg/sub-HUP267_ses-postimplant_task-ictal49987_run-01_events.json	767	ok_sha256
files/DATA/sub-HUP267/ses-postimplant/ieeg/sub-HUP267_ses-postimplant_task-ictal49987_run-01_events.tsv	81	ok_sha256
files/DATA/sub-HUP267/ses-postimplant/ieeg/sub-HUP267_ses-postimplant_task-ictal49987_run-01_ieeg.edf	103571072	ok_sha256
files/DATA/sub-HUP267/ses-postimplant/ieeg/sub-HUP267_ses-postimplant_task-ictal49987_run-01_ieeg.json	477	ok_sha256
files/DATA/sub-HUP267/ses-postimplant/ieeg/sub-HUP267_ses-postimplant_task-stim63986_run-00_channels.tsv	7895	ok_sha256
files/DATA/sub-HUP267/ses-postimplant/ieeg/sub-HUP267_ses-postimplant_task-stim63986_run-00_events.json	767	ok_sha256
files/DATA/sub-HUP267/ses-postimplant/ieeg/sub-HUP267_ses-postimplant_task-stim63986_run-00_events.tsv	80	ok_sha256
files/DATA/sub-HUP267/ses-postimplant/ieeg/sub-HUP267_ses-postimplant_task-stim63986_run-00_ieeg.edf	105894478	ok_sha256
files/DATA/sub-HUP267/ses-postimplant/ieeg/sub-HUP267_ses-postimplant_task-stim63986_run-00_ieeg.json	473	ok_sha256
files/DATA/sub-HUP267/ses-postimplant/sub-HUP267_ses-postimplant_scans.tsv	156	ok_sha256
files/DATA/sub-HUP273/derivatives/electrodes.json	992	ok_sha256
files/DATA/sub-HUP273/derivatives/electrodes.tsv	15278	ok_sha256
files/DATA/sub-HUP273/ses-postimplant/ieeg/sub-HUP273_ses-postimplant_task-ictal233275_run-01_channels.tsv	9135	ok_sha256
files/DATA/sub-HUP273/ses-postimplant/ieeg/sub-HUP273_ses-postimplant_task-ictal233275_run-01_events.json	767	ok_sha256
files/DATA/sub-HUP273/ses-postimplant/ieeg/sub-HUP273_ses-postimplant_task-ictal233275_run-01_events.tsv	80	ok_sha256
files/DATA/sub-HUP273/ses-postimplant/ieeg/sub-HUP273_ses-postimplant_task-ictal233275_run-01_ieeg.edf	65338792	ok_sha256
files/DATA/sub-HUP273/ses-postimplant/ieeg/sub-HUP273_ses-postimplant_task-ictal233275_run-01_ieeg.json	476	ok_sha256
files/DATA/sub-HUP273/ses-postimplant/ieeg/sub-HUP273_ses-postimplant_task-stim20467_run-00_channels.tsv	9135	ok_sha256
files/DATA/sub-HUP273/ses-postimplant/ieeg/sub-HUP273_ses-postimplant_task-stim20467_run-00_events.json	767	ok_sha256
files/DATA/sub-HUP273/ses-postimplant/ieeg/sub-HUP273_ses-postimplant_task-stim20467_run-00_events.tsv	79	ok_sha256
files/DATA/sub-HUP273/ses-postimplant/ieeg/sub-HUP273_ses-postimplant_task-stim20467_run-00_ieeg.edf	54326720	ok_sha256
files/DATA/sub-HUP273/ses-postimplant/ieeg/sub-HUP273_ses-postimplant_task-stim20467_run-00_ieeg.json	473	ok_sha256
files/DATA/sub-HUP273/ses-postimplant/ieeg/sub-HUP273_ses-postimplant_task-stim21077_run-00_channels.tsv	9135	ok_sha256
files/DATA/sub-HUP273/ses-postimplant/ieeg/sub-HUP273_ses-postimplant_task-stim21077_run-00_events.json	767	ok_sha256
files/DATA/sub-HUP273/ses-postimplant/ieeg/sub-HUP273_ses-postimplant_task-stim21077_run-00_events.tsv	79	ok_sha256
files/DATA/sub-HUP273/ses-postimplant/ieeg/sub-HUP273_ses-postimplant_task-stim21077_run-00_ieeg.edf	58456496	ok_sha256
files/DATA/sub-HUP273/ses-postimplant/ieeg/sub-HUP273_ses-postimplant_task-stim21077_run-00_ieeg.json	473	ok_sha256
files/DATA/sub-HUP273/ses-postimplant/sub-HUP273_ses-postimplant_scans.tsv	224	ok_sha256
files/DATA/sub-HUP275/derivatives/electrodes.json	992	ok_sha256
files/DATA/sub-HUP275/derivatives/electrodes.tsv	12018	ok_sha256
files/DATA/sub-HUP275/ses-postimplant/ieeg/sub-HUP275_ses-postimplant_task-ictal297659_run-01_channels.tsv	7107	ok_sha256
files/DATA/sub-HUP275/ses-postimplant/ieeg/sub-HUP275_ses-postimplant_task-ictal297659_run-01_events.json	767	ok_sha256
files/DATA/sub-HUP275/ses-postimplant/ieeg/sub-HUP275_ses-postimplant_task-ictal297659_run-01_events.tsv	82	ok_sha256
files/DATA/sub-HUP275/ses-postimplant/ieeg/sub-HUP275_ses-postimplant_task-ictal297659_run-01_ieeg.edf	88557280	ok_sha256
files/DATA/sub-HUP275/ses-postimplant/ieeg/sub-HUP275_ses-postimplant_task-ictal297659_run-01_ieeg.json	478	ok_sha256
files/DATA/sub-HUP275/ses-postimplant/ieeg/sub-HUP275_ses-postimplant_task-stim32467_run-00_channels.tsv	7107	ok_sha256
files/DATA/sub-HUP275/ses-postimplant/ieeg/sub-HUP275_ses-postimplant_task-stim32467_run-00_events.json	767	ok_sha256
files/DATA/sub-HUP275/ses-postimplant/ieeg/sub-HUP275_ses-postimplant_task-stim32467_run-00_events.tsv	79	ok_sha256
files/DATA/sub-HUP275/ses-postimplant/ieeg/sub-HUP275_ses-postimplant_task-stim32467_run-00_ieeg.edf	87362824	ok_sha256
files/DATA/sub-HUP275/ses-postimplant/ieeg/sub-HUP275_ses-postimplant_task-stim32467_run-00_ieeg.json	475	ok_sha256
files/DATA/sub-HUP275/ses-postimplant/ieeg/sub-HUP275_ses-postimplant_task-stim32916_run-00_channels.tsv	7107	ok_sha256
files/DATA/sub-HUP275/ses-postimplant/ieeg/sub-HUP275_ses-postimplant_task-stim32916_run-00_events.json	767	ok_sha256
files/DATA/sub-HUP275/ses-postimplant/ieeg/sub-HUP275_ses-postimplant_task-stim32916_run-00_events.tsv	81	ok_sha256
files/DATA/sub-HUP275/ses-postimplant/ieeg/sub-HUP275_ses-postimplant_task-stim32916_run-00_ieeg.edf	88559056	ok_sha256
files/DATA/sub-HUP275/ses-postimplant/ieeg/sub-HUP275_ses-postimplant_task-stim32916_run-00_ieeg.json	474	ok_sha256
files/DATA/sub-HUP275/ses-postimplant/sub-HUP275_ses-postimplant_scans.tsv	224	ok_sha256
files/DATA/sub-HUP288/derivatives/electrodes.json	992	ok_sha256
files/DATA/sub-HUP288/derivatives/electrodes.tsv	11766	ok_sha256
files/DATA/sub-HUP288/ses-postimplant/ieeg/sub-HUP288_ses-postimplant_task-ictal251098_run-00_channels.tsv	7491	ok_sha256
files/DATA/sub-HUP288/ses-postimplant/ieeg/sub-HUP288_ses-postimplant_task-ictal251098_run-00_events.json	767	ok_sha256
files/DATA/sub-HUP288/ses-postimplant/ieeg/sub-HUP288_ses-postimplant_task-ictal251098_run-00_events.tsv	81	ok_sha256
files/DATA/sub-HUP288/ses-postimplant/ieeg/sub-HUP288_ses-postimplant_task-ictal251098_run-00_ieeg.edf	106026432	ok_sha256
files/DATA/sub-HUP288/ses-postimplant/ieeg/sub-HUP288_ses-postimplant_task-ictal251098_run-00_ieeg.json	478	ok_sha256
files/DATA/sub-HUP288/ses-postimplant/ieeg/sub-HUP288_ses-postimplant_task-stim73007_run-00_channels.tsv	7491	ok_sha256
files/DATA/sub-HUP288/ses-postimplant/ieeg/sub-HUP288_ses-postimplant_task-stim73007_run-00_events.json	767	ok_sha256
files/DATA/sub-HUP288/ses-postimplant/ieeg/sub-HUP288_ses-postimplant_task-stim73007_run-00_events.tsv	80	ok_sha256
files/DATA/sub-HUP288/ses-postimplant/ieeg/sub-HUP288_ses-postimplant_task-stim73007_run-00_ieeg.edf	104766016	ok_sha256
files/DATA/sub-HUP288/ses-postimplant/ieeg/sub-HUP288_ses-postimplant_task-stim73007_run-00_ieeg.json	476	ok_sha256
files/DATA/sub-HUP288/ses-postimplant/sub-HUP288_ses-postimplant_scans.tsv	157	ok_sha256
files/DATA/annotations.json	4002	ok_sha256
files/DATA/annotations.tsv	60683	ok_sha256
files/DATA/dataset_description.json	2194	ok_sha256
files/DATA/participants.json	2553	ok_sha256
files/DATA/participants.tsv	1544	ok_sha256
files/DATA/README	707	ok_sha256
banner.jpg	467684	ok_size
changelog.md	24	ok_size
manifest.json	216414	ok_size
readme.md	1043	ok_size
