release_path	path_in_this_dataset
files/DATA/sub-CHOP005/derivatives/electrodes.json	derivatives/electrode-localization/sub-CHOP005/electrodes.json
files/DATA/sub-CHOP005/derivatives/electrodes.tsv	derivatives/electrode-localization/sub-CHOP005/electrodes.tsv
files/DATA/sub-CHOP010/derivatives/electrodes.json	derivatives/electrode-localization/sub-CHOP010/electrodes.json
files/DATA/sub-CHOP010/derivatives/electrodes.tsv	derivatives/electrode-localization/sub-CHOP010/electrodes.tsv
files/DATA/sub-CHOP024/derivatives/electrodes.json	derivatives/electrode-localization/sub-CHOP024/electrodes.json
files/DATA/sub-CHOP024/derivatives/electrodes.tsv	derivatives/electrode-localization/sub-CHOP024/electrodes.tsv
files/DATA/sub-CHOP026/derivatives/electrodes.json	derivatives/electrode-localization/sub-CHOP026/electrodes.json
files/DATA/sub-CHOP026/derivatives/electrodes.tsv	derivatives/electrode-localization/sub-CHOP026/electrodes.tsv
files/DATA/sub-CHOP028/derivatives/electrodes.json	derivatives/electrode-localization/sub-CHOP028/electrodes.json
files/DATA/sub-CHOP028/derivatives/electrodes.tsv	derivatives/electrode-localization/sub-CHOP028/electrodes.tsv
files/DATA/sub-CHOP035/derivatives/electrodes.json	derivatives/electrode-localization/sub-CHOP035/electrodes.json
files/DATA/sub-CHOP035/derivatives/electrodes.tsv	derivatives/electrode-localization/sub-CHOP035/electrodes.tsv
files/DATA/sub-CHOP038/derivatives/electrodes.json	derivatives/electrode-localization/sub-CHOP038/electrodes.json
files/DATA/sub-CHOP038/derivatives/electrodes.tsv	derivatives/electrode-localization/sub-CHOP038/electrodes.tsv
files/DATA/sub-CHOP041/derivatives/electrodes.json	derivatives/electrode-localization/sub-CHOP041/electrodes.json
files/DATA/sub-CHOP041/derivatives/electrodes.tsv	derivatives/electrode-localization/sub-CHOP041/electrodes.tsv
files/DATA/sub-CHOP046/derivatives/electrodes.json	derivatives/electrode-localization/sub-CHOP046/electrodes.json
files/DATA/sub-CHOP046/derivatives/electrodes.tsv	derivatives/electrode-localization/sub-CHOP046/electrodes.tsv
files/DATA/sub-CHOP049/derivatives/electrodes.json	derivatives/electrode-localization/sub-CHOP049/electrodes.json
files/DATA/sub-CHOP049/derivatives/electrodes.tsv	derivatives/electrode-localization/sub-CHOP049/electrodes.tsv
files/DATA/sub-HUP224/derivatives/electrodes.json	derivatives/electrode-localization/sub-HUP224/electrodes.json
files/DATA/sub-HUP224/derivatives/electrodes.tsv	derivatives/electrode-localization/sub-HUP224/electrodes.tsv
files/DATA/sub-HUP225/derivatives/electrodes.json	derivatives/electrode-localization/sub-HUP225/electrodes.json
files/DATA/sub-HUP225/derivatives/electrodes.tsv	derivatives/electrode-localization/sub-HUP225/electrodes.tsv
files/DATA/sub-HUP229/derivatives/electrodes.json	derivatives/electrode-localization/sub-HUP229/electrodes.json
files/DATA/sub-HUP229/derivatives/electrodes.tsv	derivatives/electrode-localization/sub-HUP229/electrodes.tsv
files/DATA/sub-HUP230/derivatives/electrodes.json	derivatives/electrode-localization/sub-HUP230/electrodes.json
files/DATA/sub-HUP230/derivatives/electrodes.tsv	derivatives/electrode-localization/sub-HUP230/electrodes.tsv
files/DATA/sub-HUP235/derivatives/electrodes.json	derivatives/electrode-localization/sub-HUP235/electrodes.json
files/DATA/sub-HUP235/derivatives/electrodes.tsv	derivatives/electrode-localization/sub-HUP235/electrodes.tsv
files/DATA/sub-HUP238/derivatives/electrodes.json	derivatives/electrode-localization/sub-HUP238/electrodes.json
files/DATA/sub-HUP238/derivatives/electrodes.tsv	derivatives/electrode-localization/sub-HUP238/electrodes.tsv
files/DATA/sub-HUP246/derivatives/electrodes.json	derivatives/electrode-localization/sub-HUP246/electrodes.json
files/DATA/sub-HUP246/derivatives/electrodes.tsv	derivatives/electrode-localization/sub-HUP246/electrodes.tsv
files/DATA/sub-HUP247/derivatives/electrodes.json	derivatives/electrode-localization/sub-HUP247/electrodes.json
files/DATA/sub-HUP247/derivatives/electrodes.tsv	derivatives/electrode-localization/sub-HUP247/electrodes.tsv
files/DATA/sub-HUP249/derivatives/electrodes.json	derivatives/electrode-localization/sub-HUP249/electrodes.json
files/DATA/sub-HUP249/derivatives/electrodes.tsv	derivatives/electrode-localization/sub-HUP249/electrodes.tsv
files/DATA/sub-HUP250/derivatives/electrodes.json	derivatives/electrode-localization/sub-HUP250/electrodes.json
files/DATA/sub-HUP250/derivatives/electrodes.tsv	derivatives/electrode-localization/sub-HUP250/electrodes.tsv
files/DATA/sub-HUP253/derivatives/electrodes.json	derivatives/electrode-localization/sub-HUP253/electrodes.json
files/DATA/sub-HUP253/derivatives/electrodes.tsv	derivatives/electrode-localization/sub-HUP253/electrodes.tsv
files/DATA/sub-HUP257/derivatives/electrodes.json	derivatives/electrode-localization/sub-HUP257/electrodes.json
files/DATA/sub-HUP257/derivatives/electrodes.tsv	derivatives/electrode-localization/sub-HUP257/electrodes.tsv
files/DATA/sub-HUP261/derivatives/electrodes.json	derivatives/electrode-localization/sub-HUP261/electrodes.json
files/DATA/sub-HUP261/derivatives/electrodes.tsv	derivatives/electrode-localization/sub-HUP261/electrodes.tsv
files/DATA/sub-HUP263/derivatives/electrodes.json	derivatives/electrode-localization/sub-HUP263/electrodes.json
files/DATA/sub-HUP263/derivatives/electrodes.tsv	derivatives/electrode-localization/sub-HUP263/electrodes.tsv
files/DATA/sub-HUP266/derivatives/electrodes.json	derivatives/electrode-localization/sub-HUP266/electrodes.json
files/DATA/sub-HUP266/derivatives/electrodes.tsv	derivatives/electrode-localization/sub-HUP266/electrodes.tsv
files/DATA/sub-HUP267/derivatives/electrodes.json	derivatives/electrode-localization/sub-HUP267/electrodes.json
files/DATA/sub-HUP267/derivatives/electrodes.tsv	derivatives/electrode-localization/sub-HUP267/electrodes.tsv
files/DATA/sub-HUP273/derivatives/electrodes.json	derivatives/electrode-localization/sub-HUP273/electrodes.json
files/DATA/sub-HUP273/derivatives/electrodes.tsv	derivatives/electrode-localization/sub-HUP273/electrodes.tsv
files/DATA/sub-HUP275/derivatives/electrodes.json	derivatives/electrode-localization/sub-HUP275/electrodes.json
files/DATA/sub-HUP275/derivatives/electrodes.tsv	derivatives/electrode-localization/sub-HUP275/electrodes.tsv
files/DATA/sub-HUP288/derivatives/electrodes.json	derivatives/electrode-localization/sub-HUP288/electrodes.json
files/DATA/sub-HUP288/derivatives/electrodes.tsv	derivatives/electrode-localization/sub-HUP288/electrodes.tsv
