path	size	sha256
files/DATA/sub-CHOP005/derivatives/electrodes.json	457	xS4undg1vrCGYZZKL/0+7KcSxyszKMCGM3EmCbMtOPc=
files/DATA/sub-CHOP005/derivatives/electrodes.tsv	15157	xUG3ZPbNA2URfgSZQuR8TpGR9iZR+WDkoGIMlt/mZX8=
files/DATA/sub-CHOP005/ses-postimplant/ieeg/sub-CHOP005_ses-postimplant_task-stim68881_run-00_channels.tsv	9017	+jF8ePMS8xO0OGyv23zpgmeVnLRu91OBSznd15GM5so=
files/DATA/sub-CHOP005/ses-postimplant/ieeg/sub-CHOP005_ses-postimplant_task-stim68881_run-00_events.json	767	2vBH7ECswiWjfbCbqn4+yeAdcBHZJ4T0Q5TD93w2QLM=
files/DATA/sub-CHOP005/ses-postimplant/ieeg/sub-CHOP005_ses-postimplant_task-stim68881_run-00_events.tsv	80	BPvC0YEGndrCXKCHJrBWW/C+PrpPfZoEEGjgFK9zcqg=
files/DATA/sub-CHOP005/ses-postimplant/ieeg/sub-CHOP005_ses-postimplant_task-stim68881_run-00_ieeg.edf	226685792	hP2FI82MU9UYeIxJ8bapI+bd8GtwhqAX3e+h1hLI/WI=
files/DATA/sub-CHOP005/ses-postimplant/ieeg/sub-CHOP005_ses-postimplant_task-stim68881_run-00_ieeg.json	477	06wABkLD2iLBltr0LFQ/wY899L+A5IDjy7aMjL1WINI=
files/DATA/sub-CHOP005/ses-postimplant/sub-CHOP005_ses-postimplant_scans.tsv	89	0fGQBemGkqDW8Mhgy0znsoBb+XZByd3Qre5Y7WO9HXQ=
files/DATA/sub-CHOP010/derivatives/electrodes.json	457	xS4undg1vrCGYZZKL/0+7KcSxyszKMCGM3EmCbMtOPc=
files/DATA/sub-CHOP010/derivatives/electrodes.tsv	11244	AwrnUKSqGMHeofMNu+ca/Vnl2CDFKNhFvM7m3Y84sH8=
files/DATA/sub-CHOP010/ses-postimplant/ieeg/sub-CHOP010_ses-postimplant_task-stim2230_run-00_channels.tsv	6303	jbWm+E5UbHNfHzFCXJzAm2sDiK+pi+U81b37YdbA2g4=
files/DATA/sub-CHOP010/ses-postimplant/ieeg/sub-CHOP010_ses-postimplant_task-stim2230_run-00_events.json	767	2vBH7ECswiWjfbCbqn4+yeAdcBHZJ4T0Q5TD93w2QLM=
files/DATA/sub-CHOP010/ses-postimplant/ieeg/sub-CHOP010_ses-postimplant_task-stim2230_run-00_events.tsv	79	UERdsOYII2BfJxg09L35+eJv8NfPacy9J/V/MP7gksA=
files/DATA/sub-CHOP010/ses-postimplant/ieeg/sub-CHOP010_ses-postimplant_task-stim2230_run-00_ieeg.edf	37624352	oVAU3lKSxSPCRSp2MvDAIs+g7ZYdZ8sE5XmbvIXU7Vk=
files/DATA/sub-CHOP010/ses-postimplant/ieeg/sub-CHOP010_ses-postimplant_task-stim2230_run-00_ieeg.json	472	JSTTxnGeTgiUf7uRMK0TpDGWl4nzGRR2Uh7Yz+oUpOE=
files/DATA/sub-CHOP010/ses-postimplant/sub-CHOP010_ses-postimplant_scans.tsv	88	mGUyijEi3r9fb9XtcYGd90ccv+14jitLwNPUwN9/HcU=
files/DATA/sub-CHOP024/derivatives/electrodes.json	457	xS4undg1vrCGYZZKL/0+7KcSxyszKMCGM3EmCbMtOPc=
files/DATA/sub-CHOP024/derivatives/electrodes.tsv	10217	fZlt21lf4bCZSGSWhsRs8Rmp3cIlR5N9pFs4C/lITzM=
files/DATA/sub-CHOP024/ses-postimplant/ieeg/sub-CHOP024_ses-postimplant_task-stim87579_run-00_channels.tsv	5979	b7SKMeMsQxSWaGeZEFjSCeveG2Q9DFcCHyIhRldYJgA=
files/DATA/sub-CHOP024/ses-postimplant/ieeg/sub-CHOP024_ses-postimplant_task-stim87579_run-00_events.json	767	2vBH7ECswiWjfbCbqn4+yeAdcBHZJ4T0Q5TD93w2QLM=
files/DATA/sub-CHOP024/ses-postimplant/ieeg/sub-CHOP024_ses-postimplant_task-stim87579_run-00_events.tsv	81	zAQLgIj22vVFHqBm2xZBLBYfsu/f57GxCtUYDcXRjwk=
files/DATA/sub-CHOP024/ses-postimplant/ieeg/sub-CHOP024_ses-postimplant_task-stim87579_run-00_ieeg.edf	124398442	bxJh4as3d73yyS43MTrDCPT3tKN3iGx4f4fya9wUdeY=
files/DATA/sub-CHOP024/ses-postimplant/ieeg/sub-CHOP024_ses-postimplant_task-stim87579_run-00_ieeg.json	477	AuBfb9mtJU7GIXjHRH6AqDg1IEMQRfqwZ/ZwHGNBZC8=
files/DATA/sub-CHOP024/ses-postimplant/sub-CHOP024_ses-postimplant_scans.tsv	89	A9MSTQGSL4Nr5g4vaA0dZjgN2ASteEW52rtVQAGEkCE=
files/DATA/sub-CHOP026/derivatives/electrodes.json	457	xS4undg1vrCGYZZKL/0+7KcSxyszKMCGM3EmCbMtOPc=
files/DATA/sub-CHOP026/derivatives/electrodes.tsv	17963	rFeR4HugxN+ancb8Om6MFDtAJhA9sIsivfwP/ivyP/s=
files/DATA/sub-CHOP026/ses-postimplant/ieeg/sub-CHOP026_ses-postimplant_task-stim10208_run-00_channels.tsv	11565	YhYbNppvlBSZa7nJgBWW6Oyu9UKmD3gjKpsHnUn1DXY=
files/DATA/sub-CHOP026/ses-postimplant/ieeg/sub-CHOP026_ses-postimplant_task-stim10208_run-00_events.json	767	2vBH7ECswiWjfbCbqn4+yeAdcBHZJ4T0Q5TD93w2QLM=
files/DATA/sub-CHOP026/ses-postimplant/ieeg/sub-CHOP026_ses-postimplant_task-stim10208_run-00_events.tsv	80	VfjmydlE1dqSKk1Fsu04aWFgy+MXyjgBG0KR+OY8F3I=
files/DATA/sub-CHOP026/ses-postimplant/ieeg/sub-CHOP026_ses-postimplant_task-stim10208_run-00_ieeg.edf	320204760	1JJ9EKUW9JJiylu3EVZML+DFpZ4WBabiapfPls2AyuQ=
files/DATA/sub-CHOP026/ses-postimplant/ieeg/sub-CHOP026_ses-postimplant_task-stim10208_run-00_ieeg.json	474	+FagAZ0u84C1A+zLH/Fn2GTUnrBqygNlSAU2LQWPnLk=
files/DATA/sub-CHOP026/ses-postimplant/ieeg/sub-CHOP026_ses-postimplant_task-stim4838_run-00_channels.tsv	11565	YhYbNppvlBSZa7nJgBWW6Oyu9UKmD3gjKpsHnUn1DXY=
files/DATA/sub-CHOP026/ses-postimplant/ieeg/sub-CHOP026_ses-postimplant_task-stim4838_run-00_events.json	767	2vBH7ECswiWjfbCbqn4+yeAdcBHZJ4T0Q5TD93w2QLM=
files/DATA/sub-CHOP026/ses-postimplant/ieeg/sub-CHOP026_ses-postimplant_task-stim4838_run-00_events.tsv	81	6DqY9NPcUJL/U2yPbqF/C4AoxIjeBTEL4afS5cqJA1I=
files/DATA/sub-CHOP026/ses-postimplant/ieeg/sub-CHOP026_ses-postimplant_task-stim4838_run-00_ieeg.edf	266526752	Eu7r1ZnraWDrNEabT8QcIYjkejM0/SFJToZc00GDtbg=
files/DATA/sub-CHOP026/ses-postimplant/ieeg/sub-CHOP026_ses-postimplant_task-stim4838_run-00_ieeg.json	476	c/lzENRZHsZ3KZXc8pQk/zgpJPoho6pyi6kVLJ/KH5M=
files/DATA/sub-CHOP026/ses-postimplant/sub-CHOP026_ses-postimplant_scans.tsv	156	diJVWE7zxToTvJ+FwSuGDXskn5Jw1UW1zZgcykmklhc=
files/DATA/sub-CHOP028/derivatives/electrodes.json	457	xS4undg1vrCGYZZKL/0+7KcSxyszKMCGM3EmCbMtOPc=
files/DATA/sub-CHOP028/derivatives/electrodes.tsv	12316	wf6+k8oUYpy9Fa+l2jfx+UV72SEqRZp5Xmv+iCgIPXE=
files/DATA/sub-CHOP028/ses-postimplant/ieeg/sub-CHOP028_ses-postimplant_task-stim8536_run-00_channels.tsv	7743	vyWx3o4lDiS03Va7lOVDOXuftZZeBFmwKhlM3LM3Sf0=
files/DATA/sub-CHOP028/ses-postimplant/ieeg/sub-CHOP028_ses-postimplant_task-stim8536_run-00_events.json	767	2vBH7ECswiWjfbCbqn4+yeAdcBHZJ4T0Q5TD93w2QLM=
files/DATA/sub-CHOP028/ses-postimplant/ieeg/sub-CHOP028_ses-postimplant_task-stim8536_run-00_events.tsv	81	+dku7z2qnWH5oFExNJ98h1vCkL3Ix208XzAqRK0KRXI=
files/DATA/sub-CHOP028/ses-postimplant/ieeg/sub-CHOP028_ses-postimplant_task-stim8536_run-00_ieeg.edf	180246344	w0byJrT71rmWIyJSAnUNbzEdeMMyY9w3hrml2gr7Lu8=
files/DATA/sub-CHOP028/ses-postimplant/ieeg/sub-CHOP028_ses-postimplant_task-stim8536_run-00_ieeg.json	474	RFgRt1l5y6/Gd3Ow+G0R3BGKO++mhGRTrDFhbLGPNvQ=
files/DATA/sub-CHOP028/ses-postimplant/sub-CHOP028_ses-postimplant_scans.tsv	88	tFgZYY01tTyBA1poDeMq7hr0If5gIAhWj/rdGRumAGA=
files/DATA/sub-CHOP035/derivatives/electrodes.json	457	xS4undg1vrCGYZZKL/0+7KcSxyszKMCGM3EmCbMtOPc=
files/DATA/sub-CHOP035/derivatives/electrodes.tsv	18689	lFVEmVsaKy7x9Al9tyUf67YkaEGp/huC5yqGxnCHhr4=
files/DATA/sub-CHOP035/ses-postimplant/ieeg/sub-CHOP035_ses-postimplant_task-stim2872_run-00_channels.tsv	11026	2VwNdKroMk0lwcTjm6GElCgmQSjIQBSK4yt0dUJg+vo=
files/DATA/sub-CHOP035/ses-postimplant/ieeg/sub-CHOP035_ses-postimplant_task-stim2872_run-00_events.json	767	2vBH7ECswiWjfbCbqn4+yeAdcBHZJ4T0Q5TD93w2QLM=
files/DATA/sub-CHOP035/ses-postimplant/ieeg/sub-CHOP035_ses-postimplant_task-stim2872_run-00_events.tsv	81	HUbUkcJWLuVv3PZKfvzLDg8sW7Icyk9MJAdbtRy/KDM=
files/DATA/sub-CHOP035/ses-postimplant/ieeg/sub-CHOP035_ses-postimplant_task-stim2872_run-00_ieeg.edf	243951420	Q+7lOsBzacI2bfgNJnZrwDU0zstw3flwIwr42/95QK4=
files/DATA/sub-CHOP035/ses-postimplant/ieeg/sub-CHOP035_ses-postimplant_task-stim2872_run-00_ieeg.json	475	yk9RNyOq4CpfbeXiKI/VqMZblWMQ2cNVJtW16a7Mq54=
files/DATA/sub-CHOP035/ses-postimplant/ieeg/sub-CHOP035_ses-postimplant_task-stim6553_run-00_channels.tsv	11026	2VwNdKroMk0lwcTjm6GElCgmQSjIQBSK4yt0dUJg+vo=
files/DATA/sub-CHOP035/ses-postimplant/ieeg/sub-CHOP035_ses-postimplant_task-stim6553_run-00_events.json	767	2vBH7ECswiWjfbCbqn4+yeAdcBHZJ4T0Q5TD93w2QLM=
files/DATA/sub-CHOP035/ses-postimplant/ieeg/sub-CHOP035_ses-postimplant_task-stim6553_run-00_events.tsv	80	GpGX1SobGdhIaAlJIIDXG+B59sS83AVE6cdJIjciPnE=
files/DATA/sub-CHOP035/ses-postimplant/ieeg/sub-CHOP035_ses-postimplant_task-stim6553_run-00_ieeg.edf	236643740	fU9aYbh+edRsejLaWH/t3gOK7sN0VgV/x7D8koO4JBc=
files/DATA/sub-CHOP035/ses-postimplant/ieeg/sub-CHOP035_ses-postimplant_task-stim6553_run-00_ieeg.json	475	ugTESqerq+pAWjTdSLwUOVKcIXFAnFtFQ84hRI87vks=
files/DATA/sub-CHOP035/ses-postimplant/sub-CHOP035_ses-postimplant_scans.tsv	155	nawq/vEWKJGWZt9rmCOZJhjaafM/+2UVDsKjUU18cx8=
files/DATA/sub-CHOP038/derivatives/electrodes.json	457	xS4undg1vrCGYZZKL/0+7KcSxyszKMCGM3EmCbMtOPc=
files/DATA/sub-CHOP038/derivatives/electrodes.tsv	10715	zEwYcsIbxh9gv5S3390+Vg/KW2EBxHzHC9NG6ISYnvo=
files/DATA/sub-CHOP038/ses-postimplant/ieeg/sub-CHOP038_ses-postimplant_task-ictal6474_run-00_channels.tsv	5833	hEKJeDhCDqvdOmBMpL4qy5NfFewPJ3Dhvu1fTx7sJJ0=
files/DATA/sub-CHOP038/ses-postimplant/ieeg/sub-CHOP038_ses-postimplant_task-ictal6474_run-00_events.json	767	2vBH7ECswiWjfbCbqn4+yeAdcBHZJ4T0Q5TD93w2QLM=
files/DATA/sub-CHOP038/ses-postimplant/ieeg/sub-CHOP038_ses-postimplant_task-ictal6474_run-00_events.tsv	80	grnAk2ysnGfT2VZk7D19L5Rc68TxJkx0jeB0v47CeUs=
files/DATA/sub-CHOP038/ses-postimplant/ieeg/sub-CHOP038_ses-postimplant_task-ictal6474_run-00_ieeg.edf	30900322	XrBqFZPMPKXx0sDho3QDdf54fMPNldtaKco4nefwx50=
files/DATA/sub-CHOP038/ses-postimplant/ieeg/sub-CHOP038_ses-postimplant_task-ictal6474_run-00_ieeg.json	474	XvarV1gQHf2nEzNAdcZMhsFkryrG5L11oRl2Zd0g194=
files/DATA/sub-CHOP038/ses-postimplant/ieeg/sub-CHOP038_ses-postimplant_task-stim4966_run-00_channels.tsv	5833	hEKJeDhCDqvdOmBMpL4qy5NfFewPJ3Dhvu1fTx7sJJ0=
files/DATA/sub-CHOP038/ses-postimplant/ieeg/sub-CHOP038_ses-postimplant_task-stim4966_run-00_events.json	767	2vBH7ECswiWjfbCbqn4+yeAdcBHZJ4T0Q5TD93w2QLM=
files/DATA/sub-CHOP038/ses-postimplant/ieeg/sub-CHOP038_ses-postimplant_task-stim4966_run-00_events.tsv	80	LqAGPUlZj0ylu/WNYeM1vV1UHVjkiMRkGyUY5mM5K5g=
files/DATA/sub-CHOP038/ses-postimplant/ieeg/sub-CHOP038_ses-postimplant_task-stim4966_run-00_ieeg.edf	67517704	OPl1WowT+ZXAFG/vUXgfZq0clmagjGS8LAVZhVK2NMY=
files/DATA/sub-CHOP038/ses-postimplant/ieeg/sub-CHOP038_ses-postimplant_task-stim4966_run-00_ieeg.json	473	Ugmobbtxfsler8oHr7j3J1ITfy8UAs+4fdEaZ2S42cQ=
files/DATA/sub-CHOP038/ses-postimplant/sub-CHOP038_ses-postimplant_scans.tsv	156	yfo59CKgygOv1zKrayOj5rO7Wc6oUnXOXYCwTmv1gUs=
files/DATA/sub-CHOP041/derivatives/electrodes.json	457	xS4undg1vrCGYZZKL/0+7KcSxyszKMCGM3EmCbMtOPc=
files/DATA/sub-CHOP041/derivatives/electrodes.tsv	16941	13YrMu4u8MEuZx5p+iZus33pcV1Jr1QrCOcAzJtq3lA=
files/DATA/sub-CHOP041/ses-postimplant/ieeg/sub-CHOP041_ses-postimplant_task-ictal416768_run-00_channels.tsv	10242	cNbNiCYSx8pUUOq9QZrH9ukHWtGWxJwOHewvN/dzemU=
files/DATA/sub-CHOP041/ses-postimplant/ieeg/sub-CHOP041_ses-postimplant_task-ictal416768_run-00_events.json	767	2vBH7ECswiWjfbCbqn4+yeAdcBHZJ4T0Q5TD93w2QLM=
files/DATA/sub-CHOP041/ses-postimplant/ieeg/sub-CHOP041_ses-postimplant_task-ictal416768_run-00_events.tsv	81	BSseu4NUjGPEOLAB9jBjU0y+Kp3U7chjPwP9BaBMnCQ=
files/DATA/sub-CHOP041/ses-postimplant/ieeg/sub-CHOP041_ses-postimplant_task-ictal416768_run-00_ieeg.edf	256974476	wWQZzxKlnHu9j6EaOQCmVK7soJdJDqdV7diVN8xH434=
files/DATA/sub-CHOP041/ses-postimplant/ieeg/sub-CHOP041_ses-postimplant_task-ictal416768_run-00_ieeg.json	478	XJyRJ6tdpGvYyadP5NmPrBUayI4wo7V8JoTcks+ZvII=
files/DATA/sub-CHOP041/ses-postimplant/ieeg/sub-CHOP041_ses-postimplant_task-stim6083_run-01_channels.tsv	10242	cNbNiCYSx8pUUOq9QZrH9ukHWtGWxJwOHewvN/dzemU=
files/DATA/sub-CHOP041/ses-postimplant/ieeg/sub-CHOP041_ses-postimplant_task-stim6083_run-01_events.json	767	2vBH7ECswiWjfbCbqn4+yeAdcBHZJ4T0Q5TD93w2QLM=
files/DATA/sub-CHOP041/ses-postimplant/ieeg/sub-CHOP041_ses-postimplant_task-stim6083_run-01_events.tsv	80	iuhNipq1Sera1Rlp8+J10OdWLacX15xePFaUiiRbPsQ=
files/DATA/sub-CHOP041/ses-postimplant/ieeg/sub-CHOP041_ses-postimplant_task-stim6083_run-01_ieeg.edf	260365558	IaX9WUgnnS6bdEQlI4uYMc1s7Es77sa/eKEEX2sNroo=
files/DATA/sub-CHOP041/ses-postimplant/ieeg/sub-CHOP041_ses-postimplant_task-stim6083_run-01_ieeg.json	476	q4NbsBF8qxIvx5ra+UahZ1plTo+P05IHgd7iyrASh7g=
files/DATA/sub-CHOP041/ses-postimplant/sub-CHOP041_ses-postimplant_scans.tsv	158	UWtcUe9i1ln9/0GRBWJr8cRP/cL3b9fUxW15xvbsH2A=
files/DATA/sub-CHOP046/derivatives/electrodes.json	457	xS4undg1vrCGYZZKL/0+7KcSxyszKMCGM3EmCbMtOPc=
files/DATA/sub-CHOP046/derivatives/electrodes.tsv	19096	dSJjhXKb/CIeXypLbLd3GYZoAng9EVK+/RHaAjTku4g=
files/DATA/sub-CHOP046/ses-postimplant/ieeg/sub-CHOP046_ses-postimplant_task-stim12337_run-00_channels.tsv	11026	R7nraFR7f4V9ALJUiGKuYSU7fkmmnbuJqGKv/lvJ7Js=
files/DATA/sub-CHOP046/ses-postimplant/ieeg/sub-CHOP046_ses-postimplant_task-stim12337_run-00_events.json	767	2vBH7ECswiWjfbCbqn4+yeAdcBHZJ4T0Q5TD93w2QLM=
files/DATA/sub-CHOP046/ses-postimplant/ieeg/sub-CHOP046_ses-postimplant_task-stim12337_run-00_events.tsv	80	sWvBO5tOox9YzT40qvZuCBS29E0/DozIaKfekUgZ72Q=
files/DATA/sub-CHOP046/ses-postimplant/ieeg/sub-CHOP046_ses-postimplant_task-stim12337_run-00_ieeg.edf	264961000	P2H4W//ZMX1YiI1rYWiU9eguL2FEXdCyiNnCJR1VBZc=
files/DATA/sub-CHOP046/ses-postimplant/ieeg/sub-CHOP046_ses-postimplant_task-stim12337_run-00_ieeg.json	476	JqTielxcEJNcslFbLvrg0V72luLl9jRenNCaZFff5hU=
files/DATA/sub-CHOP046/ses-postimplant/ieeg/sub-CHOP046_ses-postimplant_task-stim17123_run-00_channels.tsv	11026	R7nraFR7f4V9ALJUiGKuYSU7fkmmnbuJqGKv/lvJ7Js=
files/DATA/sub-CHOP046/ses-postimplant/ieeg/sub-CHOP046_ses-postimplant_task-stim17123_run-00_events.json	767	2vBH7ECswiWjfbCbqn4+yeAdcBHZJ4T0Q5TD93w2QLM=
files/DATA/sub-CHOP046/ses-postimplant/ieeg/sub-CHOP046_ses-postimplant_task-stim17123_run-00_events.tsv	67	khOudGMq+h2K17sciZM+mTOkt0JASTnYDaeUtvrOjyo=
files/DATA/sub-CHOP046/ses-postimplant/ieeg/sub-CHOP046_ses-postimplant_task-stim17123_run-00_ieeg.edf	235722540	FUGcaz3nzF2+EjMoLHYPt1gjfUj5CMp9+nHvUrzJYEg=
files/DATA/sub-CHOP046/ses-postimplant/ieeg/sub-CHOP046_ses-postimplant_task-stim17123_run-00_ieeg.json	477	pmV4w73yNqy2ttXIdSUQPWBNvZR/kAq7N3QtH9zWpCw=
files/DATA/sub-CHOP046/ses-postimplant/sub-CHOP046_ses-postimplant_scans.tsv	157	i6NWnovbTo7vLmWvRBJNBATn+95ZFGfT3fwJD7WVHhA=
files/DATA/sub-CHOP049/derivatives/electrodes.json	457	xS4undg1vrCGYZZKL/0+7KcSxyszKMCGM3EmCbMtOPc=
files/DATA/sub-CHOP049/derivatives/electrodes.tsv	14701	zqJGT6thnvYTzJ4bQfxTBQAD48tpy7F0XoBiHYpn7ws=
files/DATA/sub-CHOP049/ses-postimplant/ieeg/sub-CHOP049_ses-postimplant_task-ictal114973_run-00_channels.tsv	8821	z4MP5kDa/Sho+RfE9fdKv6QIHv/ndb6E3J4QwMUJuPM=
files/DATA/sub-CHOP049/ses-postimplant/ieeg/sub-CHOP049_ses-postimplant_task-ictal114973_run-00_events.json	767	2vBH7ECswiWjfbCbqn4+yeAdcBHZJ4T0Q5TD93w2QLM=
files/DATA/sub-CHOP049/ses-postimplant/ieeg/sub-CHOP049_ses-postimplant_task-ictal114973_run-00_events.tsv	82	B4DdbdLmRp2EsaiyPidPgAKj2eOqPjLE9fgI1cU4B98=
files/DATA/sub-CHOP049/ses-postimplant/ieeg/sub-CHOP049_ses-postimplant_task-ictal114973_run-00_ieeg.edf	186704384	ZIkoFWtgklLEFeyg7CWAI3wuL2GyVYKKsziBnjYjKA8=
files/DATA/sub-CHOP049/ses-postimplant/ieeg/sub-CHOP049_ses-postimplant_task-ictal114973_run-00_ieeg.json	479	dXmeEIvdKXFONutK74zCJ5bbPKKIXE8LHDuM22hK2Jo=
files/DATA/sub-CHOP049/ses-postimplant/ieeg/sub-CHOP049_ses-postimplant_task-stim241395_run-00_channels.tsv	8821	z4MP5kDa/Sho+RfE9fdKv6QIHv/ndb6E3J4QwMUJuPM=
files/DATA/sub-CHOP049/ses-postimplant/ieeg/sub-CHOP049_ses-postimplant_task-stim241395_run-00_events.json	767	2vBH7ECswiWjfbCbqn4+yeAdcBHZJ4T0Q5TD93w2QLM=
files/DATA/sub-CHOP049/ses-postimplant/ieeg/sub-CHOP049_ses-postimplant_task-stim241395_run-00_events.tsv	81	9+0/aldacN5tfn2a14wc+9gVJ3+3m4r7WKpB+a0kkrw=
files/DATA/sub-CHOP049/ses-postimplant/ieeg/sub-CHOP049_ses-postimplant_task-stim241395_run-00_ieeg.edf	186705920	JcVUJXRU+9ITrgHVRjmGeGTowAJn/0T48bGpFuVbfEI=
files/DATA/sub-CHOP049/ses-postimplant/ieeg/sub-CHOP049_ses-postimplant_task-stim241395_run-00_ieeg.json	474	OCnnaFalh24ciClA31VFpgzuxmro5avpscApcW8dsh0=
files/DATA/sub-CHOP049/ses-postimplant/sub-CHOP049_ses-postimplant_scans.tsv	160	1QTDQA2EbfmSr+5Ltwo6iwv7cTe7BWw1KHhU7HkQE5c=
files/DATA/sub-HUP224/derivatives/electrodes.json	992	yi3IhfTc2p3jv7TUPf+yeMHEjD12wPDEKcKJL3GnUbI=
files/DATA/sub-HUP224/derivatives/electrodes.tsv	23054	OI8TU6QF1rDTYZIXJp2weWQRhUodZw/Gp5cmW2/QQjw=
files/DATA/sub-HUP224/ses-postimplant/ieeg/sub-HUP224_ses-postimplant_task-ictal339135_run-00_channels.tsv	11139	jjXKFVwE/WIBKAhYRpUI/3KmjwgVWk+EAmxWhpnjXe4=
files/DATA/sub-HUP224/ses-postimplant/ieeg/sub-HUP224_ses-postimplant_task-ictal339135_run-00_events.json	767	2vBH7ECswiWjfbCbqn4+yeAdcBHZJ4T0Q5TD93w2QLM=
files/DATA/sub-HUP224/ses-postimplant/ieeg/sub-HUP224_ses-postimplant_task-ictal339135_run-00_events.tsv	81	93hSaWEe031uHTkLH41kXKQu7upn92uxqqa3EbNp9Ag=
files/DATA/sub-HUP224/ses-postimplant/ieeg/sub-HUP224_ses-postimplant_task-ictal339135_run-00_ieeg.edf	159758902	9iw+KS8m6vZudxsGCR/eIaedW9PlPp2pQSw+9KSYVzY=
files/DATA/sub-HUP224/ses-postimplant/ieeg/sub-HUP224_ses-postimplant_task-ictal339135_run-00_ieeg.json	476	J0D1Zv/BGlqtF8/wmMS/3BaRdi0GU0G6lLrmRwW4g9I=
files/DATA/sub-HUP224/ses-postimplant/ieeg/sub-HUP224_ses-postimplant_task-ictal491462_run-00_channels.tsv	11139	jjXKFVwE/WIBKAhYRpUI/3KmjwgVWk+EAmxWhpnjXe4=
files/DATA/sub-HUP224/ses-postimplant/ieeg/sub-HUP224_ses-postimplant_task-ictal491462_run-00_events.json	767	2vBH7ECswiWjfbCbqn4+yeAdcBHZJ4T0Q5TD93w2QLM=
files/DATA/sub-HUP224/ses-postimplant/ieeg/sub-HUP224_ses-postimplant_task-ictal491462_run-00_events.tsv	80	izPuq3H502YxODoHENNfA9oV22n0ZtSF6jxGcuE62sM=
files/DATA/sub-HUP224/ses-postimplant/ieeg/sub-HUP224_ses-postimplant_task-ictal491462_run-00_ieeg.edf	150337102	NLN2NRn938opZgNDs3pGTFvkvworl4/erNfKAt/CVxE=
files/DATA/sub-HUP224/ses-postimplant/ieeg/sub-HUP224_ses-postimplant_task-ictal491462_run-00_ieeg.json	477	U/kO4FhM2ktfZeDrW+tK/bT7bYy733jWRJzCx7M8c9I=
files/DATA/sub-HUP224/ses-postimplant/ieeg/sub-HUP224_ses-postimplant_task-ictal519177_run-00_channels.tsv	11139	jjXKFVwE/WIBKAhYRpUI/3KmjwgVWk+EAmxWhpnjXe4=
files/DATA/sub-HUP224/ses-postimplant/ieeg/sub-HUP224_ses-postimplant_task-ictal519177_run-00_events.json	767	2vBH7ECswiWjfbCbqn4+yeAdcBHZJ4T0Q5TD93w2QLM=
files/DATA/sub-HUP224/ses-postimplant/ieeg/sub-HUP224_ses-postimplant_task-ictal519177_run-00_events.tsv	81	HRwfTXE5/eMgbZKSB+4HL/80pNfuHW5/OXO5SUq9PWg=
files/DATA/sub-HUP224/ses-postimplant/ieeg/sub-HUP224_ses-postimplant_task-ictal519177_run-00_ieeg.edf	151277356	r9VOob2hw0q+Rj9Gr8uVAr8luQNzfv3ToJp9MNIBGNg=
files/DATA/sub-HUP224/ses-postimplant/ieeg/sub-HUP224_ses-postimplant_task-ictal519177_run-00_ieeg.json	478	zHO3HXfNPJibDDwHHZr2PXJnII8AkC2xEBmKcXaZiIY=
files/DATA/sub-HUP224/ses-postimplant/ieeg/sub-HUP224_ses-postimplant_task-stim71156_run-00_channels.tsv	11139	jjXKFVwE/WIBKAhYRpUI/3KmjwgVWk+EAmxWhpnjXe4=
files/DATA/sub-HUP224/ses-postimplant/ieeg/sub-HUP224_ses-postimplant_task-stim71156_run-00_events.json	767	2vBH7ECswiWjfbCbqn4+yeAdcBHZJ4T0Q5TD93w2QLM=
files/DATA/sub-HUP224/ses-postimplant/ieeg/sub-HUP224_ses-postimplant_task-stim71156_run-00_events.tsv	80	Q8hZC///tcNbFN+mtSSGsiCRbQTodk9TuPojQii+EkU=
files/DATA/sub-HUP224/ses-postimplant/ieeg/sub-HUP224_ses-postimplant_task-stim71156_run-00_ieeg.edf	129608592	mKIST/Vx+hmKuHkwFQfPN5qqoB3SvgvcjdGJ0jUVHKo=
files/DATA/sub-HUP224/ses-postimplant/ieeg/sub-HUP224_ses-postimplant_task-stim71156_run-00_ieeg.json	476	l/N9R8sYPpHHQv542beRDUoH6NjNAI5YNDch6ApaPPg=
files/DATA/sub-HUP224/ses-postimplant/sub-HUP224_ses-postimplant_scans.tsv	295	fGVfLWQSI2OOzRzWfBt3fPyXKA5D2xSE508aDkE1A8A=
files/DATA/sub-HUP225/derivatives/electrodes.json	992	yi3IhfTc2p3jv7TUPf+yeMHEjD12wPDEKcKJL3GnUbI=
files/DATA/sub-HUP225/derivatives/electrodes.tsv	16321	+hKsoxmUYeBtRj9r0tuCLkqh2iklss3okJ3Hf2mdzF4=
files/DATA/sub-HUP225/ses-postimplant/ieeg/sub-HUP225_ses-postimplant_task-ictal304944_run-00_channels.tsv	8261	ah9e5gT+FlZR6dBNZAsI8hJppS4UIGXVldTflpUtu58=
files/DATA/sub-HUP225/ses-postimplant/ieeg/sub-HUP225_ses-postimplant_task-ictal304944_run-00_events.json	767	2vBH7ECswiWjfbCbqn4+yeAdcBHZJ4T0Q5TD93w2QLM=
files/DATA/sub-HUP225/ses-postimplant/ieeg/sub-HUP225_ses-postimplant_task-ictal304944_run-00_events.tsv	81	Wc9LaZhidrtxfRB3wh+CaeCh+mpZjbAsxlV22yyRTmA=
files/DATA/sub-HUP225/ses-postimplant/ieeg/sub-HUP225_ses-postimplant_task-ictal304944_run-00_ieeg.edf	113583600	jtrw6HPl0JYnwKKKP2TwYR1jshrd9FKYFzTrlpaCSSA=
files/DATA/sub-HUP225/ses-postimplant/ieeg/sub-HUP225_ses-postimplant_task-ictal304944_run-00_ieeg.json	478	XzkBOtE9uIqJ3To78jdPZD1SQnCCM335eLKmsmEPBvc=
files/DATA/sub-HUP225/ses-postimplant/ieeg/sub-HUP225_ses-postimplant_task-ictal393496_run-00_channels.tsv	8261	ah9e5gT+FlZR6dBNZAsI8hJppS4UIGXVldTflpUtu58=
files/DATA/sub-HUP225/ses-postimplant/ieeg/sub-HUP225_ses-postimplant_task-ictal393496_run-00_events.json	767	2vBH7ECswiWjfbCbqn4+yeAdcBHZJ4T0Q5TD93w2QLM=
files/DATA/sub-HUP225/ses-postimplant/ieeg/sub-HUP225_ses-postimplant_task-ictal393496_run-00_events.tsv	81	jciZlyUdNOz7dXBjbJur6QspuW6Kao8RgiG0aEkx7eM=
files/DATA/sub-HUP225/ses-postimplant/ieeg/sub-HUP225_ses-postimplant_task-ictal393496_run-00_ieeg.edf	114969560	4AUAV0fdksfQEmajDCpceGzd6+k1NY7KfM2ifBakSVY=
files/DATA/sub-HUP225/ses-postimplant/ieeg/sub-HUP225_ses-postimplant_task-ictal393496_run-00_ieeg.json	477	w7yao+TkAaeCexZNllc46IVHYgA6NFgcbQ5lygcWQBs=
files/DATA/sub-HUP225/ses-postimplant/ieeg/sub-HUP225_ses-postimplant_task-ictal408565_run-00_channels.tsv	8261	ah9e5gT+FlZR6dBNZAsI8hJppS4UIGXVldTflpUtu58=
files/DATA/sub-HUP225/ses-postimplant/ieeg/sub-HUP225_ses-postimplant_task-ictal408565_run-00_events.json	767	2vBH7ECswiWjfbCbqn4+yeAdcBHZJ4T0Q5TD93w2QLM=
files/DATA/sub-HUP225/ses-postimplant/ieeg/sub-HUP225_ses-postimplant_task-ictal408565_run-00_events.tsv	69	n9POpkJJLbP2uHzBujQzr/lgRSx+OzYfdsfxtt/zrf8=
files/DATA/sub-HUP225/ses-postimplant/ieeg/sub-HUP225_ses-postimplant_task-ictal408565_run-00_ieeg.edf	119460696	Avh5OVpCMZRVMqQrT8IsZQK75cQ1wRj9GJWU4B0udVM=
files/DATA/sub-HUP225/ses-postimplant/ieeg/sub-HUP225_ses-postimplant_task-ictal408565_run-00_ieeg.json	478	aA5FQ8Wi91j2B2OcLHExd7qsFX+FFjz77b4IiLYQQDM=
files/DATA/sub-HUP225/ses-postimplant/ieeg/sub-HUP225_ses-postimplant_task-stim159833_run-00_channels.tsv	8261	ah9e5gT+FlZR6dBNZAsI8hJppS4UIGXVldTflpUtu58=
files/DATA/sub-HUP225/ses-postimplant/ieeg/sub-HUP225_ses-postimplant_task-stim159833_run-00_events.json	767	2vBH7ECswiWjfbCbqn4+yeAdcBHZJ4T0Q5TD93w2QLM=
files/DATA/sub-HUP225/ses-postimplant/ieeg/sub-HUP225_ses-postimplant_task-stim159833_run-00_events.tsv	80	SfxLRWrG/u1YE0xTSgpZZMTdtCVg55hoq0x2DM03TwE=
files/DATA/sub-HUP225/ses-postimplant/ieeg/sub-HUP225_ses-postimplant_task-stim159833_run-00_ieeg.edf	110813696	9gxQdwQPGOmFEMsd6JmrOYjkYV8yiPqVXNd5HU3YYCo=
files/DATA/sub-HUP225/ses-postimplant/ieeg/sub-HUP225_ses-postimplant_task-stim159833_run-00_ieeg.json	477	v0t0NbuegYC6Lq96yLXSqfbBK4MgeYTd1Ln1cx7YcvE=
files/DATA/sub-HUP225/ses-postimplant/sub-HUP225_ses-postimplant_scans.tsv	296	B41PySaYKnBj4GiWWIUqFmCa30YVjmI3Q9grdpvqdxM=
files/DATA/sub-HUP229/derivatives/electrodes.json	992	yi3IhfTc2p3jv7TUPf+yeMHEjD12wPDEKcKJL3GnUbI=
files/DATA/sub-HUP229/derivatives/electrodes.tsv	11030	20HSPY3Mo+8EZ2Rly+T1DGyuCp+KfbqdvNvqYjvrhWY=
files/DATA/sub-HUP229/ses-postimplant/ieeg/sub-HUP229_ses-postimplant_task-ictal541692_run-00_channels.tsv	6509	tWBc+1QfOMrh+6a100owu6vvO2K/cTu50tkY1k4CLBU=
files/DATA/sub-HUP229/ses-postimplant/ieeg/sub-HUP229_ses-postimplant_task-ictal541692_run-00_events.json	767	2vBH7ECswiWjfbCbqn4+yeAdcBHZJ4T0Q5TD93w2QLM=
files/DATA/sub-HUP229/ses-postimplant/ieeg/sub-HUP229_ses-postimplant_task-ictal541692_run-00_events.tsv	82	IxIujSuvWrhPnRUMgazdwCkZRHP3RG4Wmfj+svQ1kNM=
files/DATA/sub-HUP229/ses-postimplant/ieeg/sub-HUP229_ses-postimplant_task-ictal541692_run-00_ieeg.edf	100017838	mGqYGfVg5kM/A0K/VFpAdgGvEqCFXdRAUhVC8/ofC04=
files/DATA/sub-HUP229/ses-postimplant/ieeg/sub-HUP229_ses-postimplant_task-ictal541692_run-00_ieeg.json	474	df46tt8T/RNFbaNzwKomEmR8jN9w6Y8bjypJJuPd6kI=
files/DATA/sub-HUP229/ses-postimplant/ieeg/sub-HUP229_ses-postimplant_task-stim1109_run-00_channels.tsv	6509	tWBc+1QfOMrh+6a100owu6vvO2K/cTu50tkY1k4CLBU=
files/DATA/sub-HUP229/ses-postimplant/ieeg/sub-HUP229_ses-postimplant_task-stim1109_run-00_events.json	767	2vBH7ECswiWjfbCbqn4+yeAdcBHZJ4T0Q5TD93w2QLM=
files/DATA/sub-HUP229/ses-postimplant/ieeg/sub-HUP229_ses-postimplant_task-stim1109_run-00_events.tsv	80	9cyGh2YHWQSlEDqTgtCsGCntrSptuiKQ3kfzBTjQt40=
files/DATA/sub-HUP229/ses-postimplant/ieeg/sub-HUP229_ses-postimplant_task-stim1109_run-00_ieeg.edf	83944232	LppPqs3x2fWHIPrDLbKuIWMavn7/jwO+1Er6E+UhyNU=
files/DATA/sub-HUP229/ses-postimplant/ieeg/sub-HUP229_ses-postimplant_task-stim1109_run-00_ieeg.json	474	eQglRH2IrDWEIJ03tVslXsbMGrJTILatWflRc4+y1ZI=
files/DATA/sub-HUP229/ses-postimplant/sub-HUP229_ses-postimplant_scans.tsv	156	8h1/dJCuuuZwCvwoXBZPzxF6XEtllB4OCSlhtMWQM5A=
files/DATA/sub-HUP230/derivatives/electrodes.json	992	yi3IhfTc2p3jv7TUPf+yeMHEjD12wPDEKcKJL3GnUbI=
files/DATA/sub-HUP230/derivatives/electrodes.tsv	8811	F4jlG9OgofEDAW8XYkWWTe4PHQJRLv9kcJxFOlYLoUk=
files/DATA/sub-HUP230/ses-postimplant/ieeg/sub-HUP230_ses-postimplant_task-ictal251120_run-00_channels.tsv	5299	zL6bEMdE2Vvc8eukMqUbQB5cwRTv3l7MfMtxcyCPEjg=
files/DATA/sub-HUP230/ses-postimplant/ieeg/sub-HUP230_ses-postimplant_task-ictal251120_run-00_events.json	767	2vBH7ECswiWjfbCbqn4+yeAdcBHZJ4T0Q5TD93w2QLM=
files/DATA/sub-HUP230/ses-postimplant/ieeg/sub-HUP230_ses-postimplant_task-ictal251120_run-00_events.tsv	82	ebKaWezvU860xs6U/5xAWvtYC9cl63SkbZTS9WrMs/k=
files/DATA/sub-HUP230/ses-postimplant/ieeg/sub-HUP230_ses-postimplant_task-ictal251120_run-00_ieeg.edf	56442320	XALZ8i9Pwn1MKc6AQmmhb9cVb50/lpKR1w6hPkp7Foo=
files/DATA/sub-HUP230/ses-postimplant/ieeg/sub-HUP230_ses-postimplant_task-ictal251120_run-00_ieeg.json	478	RC4h7Vn3QNlOa/szd2K7Bo/NW5RTB4/+Lxpwmrzi2a4=
files/DATA/sub-HUP230/ses-postimplant/ieeg/sub-HUP230_ses-postimplant_task-ictal296207_run-00_channels.tsv	5299	zL6bEMdE2Vvc8eukMqUbQB5cwRTv3l7MfMtxcyCPEjg=
files/DATA/sub-HUP230/ses-postimplant/ieeg/sub-HUP230_ses-postimplant_task-ictal296207_run-00_events.json	767	2vBH7ECswiWjfbCbqn4+yeAdcBHZJ4T0Q5TD93w2QLM=
files/DATA/sub-HUP230/ses-postimplant/ieeg/sub-HUP230_ses-postimplant_task-ictal296207_run-00_events.tsv	82	4X+YbuiRrd4GpIxQJBbhishVkRgGwE4DbSaB7G6XejI=
files/DATA/sub-HUP230/ses-postimplant/ieeg/sub-HUP230_ses-postimplant_task-ictal296207_run-00_ieeg.edf	84982016	pRATkerwYDIp/TSFiuR2+QsLBVJP78Fe+BR2eIMZ2sg=
files/DATA/sub-HUP230/ses-postimplant/ieeg/sub-HUP230_ses-postimplant_task-ictal296207_run-00_ieeg.json	477	u1d9SjiPL69pkequC7PdFbmkm8LTVlfIaExZFoz+smQ=
files/DATA/sub-HUP230/ses-postimplant/ieeg/sub-HUP230_ses-postimplant_task-ictal371979_run-00_channels.tsv	5299	zL6bEMdE2Vvc8eukMqUbQB5cwRTv3l7MfMtxcyCPEjg=
files/DATA/sub-HUP230/ses-postimplant/ieeg/sub-HUP230_ses-postimplant_task-ictal371979_run-00_events.json	767	2vBH7ECswiWjfbCbqn4+yeAdcBHZJ4T0Q5TD93w2QLM=
files/DATA/sub-HUP230/ses-postimplant/ieeg/sub-HUP230_ses-postimplant_task-ictal371979_run-00_events.tsv	81	dMbSQ7sCKc4NnUYaweu9DnCS9dBAKwFcoxhIkn6/RD0=
files/DATA/sub-HUP230/ses-postimplant/ieeg/sub-HUP230_ses-postimplant_task-ictal371979_run-00_ieeg.edf	66617186	mEMax1tWYHIBp8MPB/WvjFTFrfTzIFSB0bUflEN3Q2w=
files/DATA/sub-HUP230/ses-postimplant/ieeg/sub-HUP230_ses-postimplant_task-ictal371979_run-00_ieeg.json	478	q+pN/DLrIS51kqFGcF396YSA7DWEqRML+xHblvXtKI8=
files/DATA/sub-HUP230/ses-postimplant/ieeg/sub-HUP230_ses-postimplant_task-stim3860_run-00_channels.tsv	5299	zL6bEMdE2Vvc8eukMqUbQB5cwRTv3l7MfMtxcyCPEjg=
files/DATA/sub-HUP230/ses-postimplant/ieeg/sub-HUP230_ses-postimplant_task-stim3860_run-00_events.json	767	2vBH7ECswiWjfbCbqn4+yeAdcBHZJ4T0Q5TD93w2QLM=
files/DATA/sub-HUP230/ses-postimplant/ieeg/sub-HUP230_ses-postimplant_task-stim3860_run-00_events.tsv	80	QArdyv1dzY0rSzez+GgEbo5bYkxU9YlfXVnoRbGk8GA=
files/DATA/sub-HUP230/ses-postimplant/ieeg/sub-HUP230_ses-postimplant_task-stim3860_run-00_ieeg.edf	57326730	tzXEeWkI6BrPKQIXJ9PxECDwFSm9EXQVitcbOe8WLA0=
files/DATA/sub-HUP230/ses-postimplant/ieeg/sub-HUP230_ses-postimplant_task-stim3860_run-00_ieeg.json	475	KsfXETLLj0Dz2aXziC/aOnyP7m61wT8os9NCqJj1GxE=
files/DATA/sub-HUP230/ses-postimplant/sub-HUP230_ses-postimplant_scans.tsv	294	PYcVaPminnY9wynYdIG/M4D4awRSfJKzaZ0boiDqiRs=
files/DATA/sub-HUP235/derivatives/electrodes.json	992	yi3IhfTc2p3jv7TUPf+yeMHEjD12wPDEKcKJL3GnUbI=
files/DATA/sub-HUP235/derivatives/electrodes.tsv	9777	DOnE1Pp2DfkNnL2IDbJDs+0S6eYW3SOFsCkYeDO42Yc=
files/DATA/sub-HUP235/ses-postimplant/ieeg/sub-HUP235_ses-postimplant_task-ictal107374_run-00_channels.tsv	4611	SmigboJYOvtnXjVCBp5xCRDl5+Z4Kc6Qx5MItD8Jplc=
files/DATA/sub-HUP235/ses-postimplant/ieeg/sub-HUP235_ses-postimplant_task-ictal107374_run-00_events.json	767	2vBH7ECswiWjfbCbqn4+yeAdcBHZJ4T0Q5TD93w2QLM=
files/DATA/sub-HUP235/ses-postimplant/ieeg/sub-HUP235_ses-postimplant_task-ictal107374_run-00_events.tsv	82	vDP9DoIuzQOcUWQvMstqSNfrzg3us4vLdgW8h6NPeHg=
files/DATA/sub-HUP235/ses-postimplant/ieeg/sub-HUP235_ses-postimplant_task-ictal107374_run-00_ieeg.edf	49512496	K55KcjjTX+0pMUDIDrcwXgCBYBrls15LobVmoqyZl+o=
files/DATA/sub-HUP235/ses-postimplant/ieeg/sub-HUP235_ses-postimplant_task-ictal107374_run-00_ieeg.json	477	rlRQWp+ObcOdpt4jwMsCrFf/uREJ+FGxk/UbtmXpIVE=
files/DATA/sub-HUP235/ses-postimplant/ieeg/sub-HUP235_ses-postimplant_task-ictal126735_run-00_channels.tsv	4611	SmigboJYOvtnXjVCBp5xCRDl5+Z4Kc6Qx5MItD8Jplc=
files/DATA/sub-HUP235/ses-postimplant/ieeg/sub-HUP235_ses-postimplant_task-ictal126735_run-00_events.json	767	2vBH7ECswiWjfbCbqn4+yeAdcBHZJ4T0Q5TD93w2QLM=
files/DATA/sub-HUP235/ses-postimplant/ieeg/sub-HUP235_ses-postimplant_task-ictal126735_run-00_events.tsv	82	Y+oueCkgXxCbNuCBBB1PGmkr2oZzl4b/IsokEyYMy/0=
files/DATA/sub-HUP235/ses-postimplant/ieeg/sub-HUP235_ses-postimplant_task-ictal126735_run-00_ieeg.edf	50667856	yiYNvKoGs6O14dadVK5jV8HwxqDVAoyscYpAoS6VTng=
files/DATA/sub-HUP235/ses-postimplant/ieeg/sub-HUP235_ses-postimplant_task-ictal126735_run-00_ieeg.json	477	lCiv+v/7XSq2Ebq/dsq5tQEzet4zpYi944HfGvoTz8I=
files/DATA/sub-HUP235/ses-postimplant/ieeg/sub-HUP235_ses-postimplant_task-ictal497084_run-00_channels.tsv	4611	SmigboJYOvtnXjVCBp5xCRDl5+Z4Kc6Qx5MItD8Jplc=
files/DATA/sub-HUP235/ses-postimplant/ieeg/sub-HUP235_ses-postimplant_task-ictal497084_run-00_events.json	767	2vBH7ECswiWjfbCbqn4+yeAdcBHZJ4T0Q5TD93w2QLM=
files/DATA/sub-HUP235/ses-postimplant/ieeg/sub-HUP235_ses-postimplant_task-ictal497084_run-00_events.tsv	82	mjLPz+8xnCEWV8MTXjfv2qKrsmV2QcED4tOvWZhiDAc=
files/DATA/sub-HUP235/ses-postimplant/ieeg/sub-HUP235_ses-postimplant_task-ictal497084_run-00_ieeg.edf	71656896	ep0HqnK2gGix5DbuSO6HIlEpDaXEbE6pY6ipFy41fbo=
files/DATA/sub-HUP235/ses-postimplant/ieeg/sub-HUP235_ses-postimplant_task-ictal497084_run-00_ieeg.json	477	COk/5Q2ttCYvweajx1CliwqpHlvHg/YdJq13YDQaOK0=
files/DATA/sub-HUP235/ses-postimplant/ieeg/sub-HUP235_ses-postimplant_task-stim17776_run-00_channels.tsv	4611	SmigboJYOvtnXjVCBp5xCRDl5+Z4Kc6Qx5MItD8Jplc=
files/DATA/sub-HUP235/ses-postimplant/ieeg/sub-HUP235_ses-postimplant_task-stim17776_run-00_events.json	767	2vBH7ECswiWjfbCbqn4+yeAdcBHZJ4T0Q5TD93w2QLM=
files/DATA/sub-HUP235/ses-postimplant/ieeg/sub-HUP235_ses-postimplant_task-stim17776_run-00_events.tsv	80	QXo8Z1KrxOn7xXyT5JtO4VTOm8yDA9+f5nTI8pQaLug=
files/DATA/sub-HUP235/ses-postimplant/ieeg/sub-HUP235_ses-postimplant_task-stim17776_run-00_ieeg.edf	59139268	C3k4u3cUbncD+7xpoRERApfxGqBSFUJilxpcafSmT/I=
files/DATA/sub-HUP235/ses-postimplant/ieeg/sub-HUP235_ses-postimplant_task-stim17776_run-00_ieeg.json	475	HnN7wCh5NPjBWNqqTc8ouNrv7CdSpQ6WTzc2OdthM98=
files/DATA/sub-HUP235/ses-postimplant/sub-HUP235_ses-postimplant_scans.tsv	295	uHQorJShum5zdXScD6pvP6JvbZIeKraODQcT5M/ibFk=
files/DATA/sub-HUP238/derivatives/electrodes.json	992	yi3IhfTc2p3jv7TUPf+yeMHEjD12wPDEKcKJL3GnUbI=
files/DATA/sub-HUP238/derivatives/electrodes.tsv	11483	AT9OlnlVSpjgUgyokxyMUv56yhNlx47AqVRX+/kDWFA=
files/DATA/sub-HUP238/ses-postimplant/ieeg/sub-HUP238_ses-postimplant_task-ictal290006_run-00_channels.tsv	6397	SiE4/BTSDw9acgSVz5pRuXnGBWqYOumnxgw4J4sEbrU=
files/DATA/sub-HUP238/ses-postimplant/ieeg/sub-HUP238_ses-postimplant_task-ictal290006_run-00_events.json	767	2vBH7ECswiWjfbCbqn4+yeAdcBHZJ4T0Q5TD93w2QLM=
files/DATA/sub-HUP238/ses-postimplant/ieeg/sub-HUP238_ses-postimplant_task-ictal290006_run-00_events.tsv	82	DRm2+xRJ2QZxDlNhbR1sxNLbEb7D1bJgvUBcW/CVAjc=
files/DATA/sub-HUP238/ses-postimplant/ieeg/sub-HUP238_ses-postimplant_task-ictal290006_run-00_ieeg.edf	103611744	oiZYf7umYP4BD8RCtvzVJOzptjaAjRjC06xtftkviKc=
files/DATA/sub-HUP238/ses-postimplant/ieeg/sub-HUP238_ses-postimplant_task-ictal290006_run-00_ieeg.json	478	3NEQMO98BGxdeBDdbdZb9X719w21nYE9c8QQGJxxVdA=
files/DATA/sub-HUP238/ses-postimplant/ieeg/sub-HUP238_ses-postimplant_task-ictal412267_run-00_channels.tsv	6397	SiE4/BTSDw9acgSVz5pRuXnGBWqYOumnxgw4J4sEbrU=
files/DATA/sub-HUP238/ses-postimplant/ieeg/sub-HUP238_ses-postimplant_task-ictal412267_run-00_events.json	767	2vBH7ECswiWjfbCbqn4+yeAdcBHZJ4T0Q5TD93w2QLM=
files/DATA/sub-HUP238/ses-postimplant/ieeg/sub-HUP238_ses-postimplant_task-ictal412267_run-00_events.tsv	82	bqG5VwmiTSkmJah748Y7imtDn9sfDyoCvfR5jsOEerA=
files/DATA/sub-HUP238/ses-postimplant/ieeg/sub-HUP238_ses-postimplant_task-ictal412267_run-00_ieeg.edf	95562376	jMpFYEBSlkmwKZSOQStG47yznK5Z8t1izxMWfeWfUys=
files/DATA/sub-HUP238/ses-postimplant/ieeg/sub-HUP238_ses-postimplant_task-ictal412267_run-00_ieeg.json	476	Gp9d8HuM4QvNw0Z0+C+lSZxFVl7dNoysjJBtmpZuq6M=
files/DATA/sub-HUP238/ses-postimplant/ieeg/sub-HUP238_ses-postimplant_task-ictal465564_run-00_channels.tsv	6397	SiE4/BTSDw9acgSVz5pRuXnGBWqYOumnxgw4J4sEbrU=
files/DATA/sub-HUP238/ses-postimplant/ieeg/sub-HUP238_ses-postimplant_task-ictal465564_run-00_events.json	767	2vBH7ECswiWjfbCbqn4+yeAdcBHZJ4T0Q5TD93w2QLM=
files/DATA/sub-HUP238/ses-postimplant/ieeg/sub-HUP238_ses-postimplant_task-ictal465564_run-00_events.tsv	82	FVsa3brEBVglqQV/SigNCz3TaIFrm8ipBTzChdWlDK0=
files/DATA/sub-HUP238/ses-postimplant/ieeg/sub-HUP238_ses-postimplant_task-ictal465564_run-00_ieeg.edf	95830000	FF05jBrRYDv+gCYOpAZf4QjFZ847ahA0wQWNk32Y8/I=
files/DATA/sub-HUP238/ses-postimplant/ieeg/sub-HUP238_ses-postimplant_task-ictal465564_run-00_ieeg.json	478	aTEyqEleo1yBrcfK7XSqsQtskns6dSO5PK6cTF/a5uA=
files/DATA/sub-HUP238/ses-postimplant/ieeg/sub-HUP238_ses-postimplant_task-stim10640_run-00_channels.tsv	6397	SiE4/BTSDw9acgSVz5pRuXnGBWqYOumnxgw4J4sEbrU=
files/DATA/sub-HUP238/ses-postimplant/ieeg/sub-HUP238_ses-postimplant_task-stim10640_run-00_events.json	767	2vBH7ECswiWjfbCbqn4+yeAdcBHZJ4T0Q5TD93w2QLM=
files/DATA/sub-HUP238/ses-postimplant/ieeg/sub-HUP238_ses-postimplant_task-stim10640_run-00_events.tsv	81	Yye8cyU8t8m9HcS0kSnDe5NoPBCI5GOsVjdtFKI/Bec=
files/DATA/sub-HUP238/ses-postimplant/ieeg/sub-HUP238_ses-postimplant_task-stim10640_run-00_ieeg.edf	105220976	B5i5VBM737NRsJQdJ2DZ3XAgGBmMHaxCjPaPRHa3mfc=
files/DATA/sub-HUP238/ses-postimplant/ieeg/sub-HUP238_ses-postimplant_task-stim10640_run-00_ieeg.json	476	NvKfod2wF2wl5KLkie3yw78Qe9n2XEYYnKnE9VDRLTo=
files/DATA/sub-HUP238/ses-postimplant/sub-HUP238_ses-postimplant_scans.tsv	295	zBx17e9JkSr2YaI8nMabXy1CtikoKAM5dzylNxv1/10=
files/DATA/sub-HUP246/derivatives/electrodes.json	992	yi3IhfTc2p3jv7TUPf+yeMHEjD12wPDEKcKJL3GnUbI=
files/DATA/sub-HUP246/derivatives/electrodes.tsv	11862	r/M0h9ydnB8GikZkEIpoUHert6jyJlGFJw0ChAqv6tM=
files/DATA/sub-HUP246/ses-postimplant/ieeg/sub-HUP246_ses-postimplant_task-ictal754436_run-00_channels.tsv	5629	a+F6+3mGFEOYiyWT/w1uoIJ1DhffIwsabIMuS+l9vYQ=
files/DATA/sub-HUP246/ses-postimplant/ieeg/sub-HUP246_ses-postimplant_task-ictal754436_run-00_events.json	767	2vBH7ECswiWjfbCbqn4+yeAdcBHZJ4T0Q5TD93w2QLM=
files/DATA/sub-HUP246/ses-postimplant/ieeg/sub-HUP246_ses-postimplant_task-ictal754436_run-00_events.tsv	82	G3o2dQODVmsLCQ/2LBEX+HQAcFuhSRVAByRvrr/e6MU=
files/DATA/sub-HUP246/ses-postimplant/ieeg/sub-HUP246_ses-postimplant_task-ictal754436_run-00_ieeg.edf	88130888	vxvQSiNKTS+Mi9qKkYcWgnZbw/HPl7tcMSSU0oW4Qpw=
files/DATA/sub-HUP246/ses-postimplant/ieeg/sub-HUP246_ses-postimplant_task-ictal754436_run-00_ieeg.json	478	ME0q/IR+lypDvObEFnACSPYPoNo9bIeaij6uddc+Y1g=
files/DATA/sub-HUP246/ses-postimplant/ieeg/sub-HUP246_ses-postimplant_task-stim14638_run-00_channels.tsv	5629	a+F6+3mGFEOYiyWT/w1uoIJ1DhffIwsabIMuS+l9vYQ=
files/DATA/sub-HUP246/ses-postimplant/ieeg/sub-HUP246_ses-postimplant_task-stim14638_run-00_events.json	767	2vBH7ECswiWjfbCbqn4+yeAdcBHZJ4T0Q5TD93w2QLM=
files/DATA/sub-HUP246/ses-postimplant/ieeg/sub-HUP246_ses-postimplant_task-stim14638_run-00_events.tsv	80	6fCcx2IJ8dQ5J7b4RnL7ryN24E2VzJjqBB2gkLW6F80=
files/DATA/sub-HUP246/ses-postimplant/ieeg/sub-HUP246_ses-postimplant_task-stim14638_run-00_ieeg.edf	76590202	wyL/tySg4MKUROxTATzMzfRRNFgsHXVl32SxwWoFpa8=
files/DATA/sub-HUP246/ses-postimplant/ieeg/sub-HUP246_ses-postimplant_task-stim14638_run-00_ieeg.json	475	cnBCOVToY+n56n5pR61DB3IS2zSPFy6bRRZqro/duUM=
files/DATA/sub-HUP246/ses-postimplant/sub-HUP246_ses-postimplant_scans.tsv	157	hb2eWczJ0VLWuL48Dg0vFHosNeKm6HAT6EeECj9LrWk=
files/DATA/sub-HUP247/derivatives/electrodes.json	992	yi3IhfTc2p3jv7TUPf+yeMHEjD12wPDEKcKJL3GnUbI=
files/DATA/sub-HUP247/derivatives/electrodes.tsv	4732	1amf+ohiU80TF44WiBZfisjB/+yG0Hcjl+v8dhPRUik=
files/DATA/sub-HUP247/ses-postimplant/ieeg/sub-HUP247_ses-postimplant_task-ictal20694_run-01_channels.tsv	2883	hbCNUYHvziEKdlG5aD8itPaMNYFB9BYC21civyojaMM=
files/DATA/sub-HUP247/ses-postimplant/ieeg/sub-HUP247_ses-postimplant_task-ictal20694_run-01_events.json	767	2vBH7ECswiWjfbCbqn4+yeAdcBHZJ4T0Q5TD93w2QLM=
files/DATA/sub-HUP247/ses-postimplant/ieeg/sub-HUP247_ses-postimplant_task-ictal20694_run-01_events.tsv	82	xKPW3RUJpWjkRrIqV4EkbH6pOw12Bc1nkhyqD6Av+Zg=
files/DATA/sub-HUP247/ses-postimplant/ieeg/sub-HUP247_ses-postimplant_task-ictal20694_run-01_ieeg.edf	31744038	i52S7dOtTJ0zlEOrsfdo51pVmS2oWZhFoJGQsWTE3Fo=
files/DATA/sub-HUP247/ses-postimplant/ieeg/sub-HUP247_ses-postimplant_task-ictal20694_run-01_ieeg.json	474	61UNeF4/a6FyRnqkXWx1QsMqtEzbNFX05eT2ISOcw4k=
files/DATA/sub-HUP247/ses-postimplant/ieeg/sub-HUP247_ses-postimplant_task-ictal263028_run-01_channels.tsv	2883	hbCNUYHvziEKdlG5aD8itPaMNYFB9BYC21civyojaMM=
files/DATA/sub-HUP247/ses-postimplant/ieeg/sub-HUP247_ses-postimplant_task-ictal263028_run-01_events.json	767	2vBH7ECswiWjfbCbqn4+yeAdcBHZJ4T0Q5TD93w2QLM=
files/DATA/sub-HUP247/ses-postimplant/ieeg/sub-HUP247_ses-postimplant_task-ictal263028_run-01_events.tsv	82	Q4kSaQ1W7VjElzDawjG61pXBBZ4xJlzdJTjAZgCFbPQ=
files/DATA/sub-HUP247/ses-postimplant/ieeg/sub-HUP247_ses-postimplant_task-ictal263028_run-01_ieeg.edf	31744038	LF2FX/mMl8GTUMaWKNiAwRIn0GNpSgLG3wwZze33/WI=
files/DATA/sub-HUP247/ses-postimplant/ieeg/sub-HUP247_ses-postimplant_task-ictal263028_run-01_ieeg.json	476	Bj/iqb7nG/KmQJqaIKkYCv31HgFPU8TEAG8t9MRLfXc=
files/DATA/sub-HUP247/ses-postimplant/ieeg/sub-HUP247_ses-postimplant_task-ictal453842_run-01_channels.tsv	2883	hbCNUYHvziEKdlG5aD8itPaMNYFB9BYC21civyojaMM=
files/DATA/sub-HUP247/ses-postimplant/ieeg/sub-HUP247_ses-postimplant_task-ictal453842_run-01_events.json	767	2vBH7ECswiWjfbCbqn4+yeAdcBHZJ4T0Q5TD93w2QLM=
files/DATA/sub-HUP247/ses-postimplant/ieeg/sub-HUP247_ses-postimplant_task-ictal453842_run-01_events.tsv	82	u8c3Lob/PyKEfwfzXMiTwpHadrIFTJBR5qb0J4Hhr00=
files/DATA/sub-HUP247/ses-postimplant/ieeg/sub-HUP247_ses-postimplant_task-ictal453842_run-01_ieeg.edf	31624672	TyaORazWXnmMu2DaEmwrcKpL1qnkpcuSa+KAt0dfGx0=
files/DATA/sub-HUP247/ses-postimplant/ieeg/sub-HUP247_ses-postimplant_task-ictal453842_run-01_ieeg.json	477	aiSeUR/78NXuoL+iQqdWOlN3SBFQbETA9EiT0EvWIME=
files/DATA/sub-HUP247/ses-postimplant/ieeg/sub-HUP247_ses-postimplant_task-stim15093_run-00_channels.tsv	2883	hbCNUYHvziEKdlG5aD8itPaMNYFB9BYC21civyojaMM=
files/DATA/sub-HUP247/ses-postimplant/ieeg/sub-HUP247_ses-postimplant_task-stim15093_run-00_events.json	767	2vBH7ECswiWjfbCbqn4+yeAdcBHZJ4T0Q5TD93w2QLM=
files/DATA/sub-HUP247/ses-postimplant/ieeg/sub-HUP247_ses-postimplant_task-stim15093_run-00_events.tsv	81	QlRujaR3cKLizsdM0wMSMKA2vjF5JhddaGOgXT6d8ss=
files/DATA/sub-HUP247/ses-postimplant/ieeg/sub-HUP247_ses-postimplant_task-stim15093_run-00_ieeg.edf	31505840	k8Nv0cxj5ts+7P1g0eBJV7cH+XPm7QrYN7RJnsciQH8=
files/DATA/sub-HUP247/ses-postimplant/ieeg/sub-HUP247_ses-postimplant_task-stim15093_run-00_ieeg.json	475	3JeACN2noT2ZXXRwSyM48oSzIpfhTGKe1MNEWfMAQT0=
files/DATA/sub-HUP247/ses-postimplant/sub-HUP247_ses-postimplant_scans.tsv	294	i/4drCJpJgemsoirA/egruA9f/xsNZSJuxrML0tPzVo=
files/DATA/sub-HUP249/derivatives/electrodes.json	992	yi3IhfTc2p3jv7TUPf+yeMHEjD12wPDEKcKJL3GnUbI=
files/DATA/sub-HUP249/derivatives/electrodes.tsv	14336	iL3vN3XFLqzNjLBK3++/Y7MbW76Yp630l6rVd0wCqfk=
files/DATA/sub-HUP249/ses-postimplant/ieeg/sub-HUP249_ses-postimplant_task-ictal165399_run-00_channels.tsv	8643	PlDgCoiO+BJsIhsfqAefHRMEEUs3D0wbjN6lmz5GO38=
files/DATA/sub-HUP249/ses-postimplant/ieeg/sub-HUP249_ses-postimplant_task-ictal165399_run-00_events.json	767	2vBH7ECswiWjfbCbqn4+yeAdcBHZJ4T0Q5TD93w2QLM=
files/DATA/sub-HUP249/ses-postimplant/ieeg/sub-HUP249_ses-postimplant_task-ictal165399_run-00_events.tsv	81	Turu63vhQohEKwL6ddVCd4VtkctQidDju3juwOpnPHo=
files/DATA/sub-HUP249/ses-postimplant/ieeg/sub-HUP249_ses-postimplant_task-ictal165399_run-00_ieeg.edf	120726694	189QOWDjMll34Bu/+9qLd0QVWV9oVaDZHkMMeqOjHHk=
files/DATA/sub-HUP249/ses-postimplant/ieeg/sub-HUP249_ses-postimplant_task-ictal165399_run-00_ieeg.json	476	2zalL48BLvwNb7P7k1uzitiewP5fDC6N5CkQTdqhnAY=
files/DATA/sub-HUP249/ses-postimplant/ieeg/sub-HUP249_ses-postimplant_task-ictal439029_run-00_channels.tsv	8643	PlDgCoiO+BJsIhsfqAefHRMEEUs3D0wbjN6lmz5GO38=
files/DATA/sub-HUP249/ses-postimplant/ieeg/sub-HUP249_ses-postimplant_task-ictal439029_run-00_events.json	767	2vBH7ECswiWjfbCbqn4+yeAdcBHZJ4T0Q5TD93w2QLM=
files/DATA/sub-HUP249/ses-postimplant/ieeg/sub-HUP249_ses-postimplant_task-ictal439029_run-00_events.tsv	82	X1MzqSlcHQ/5W7gLHJtj00ZLnn2gsv12s0hDGn3Doyg=
files/DATA/sub-HUP249/ses-postimplant/ieeg/sub-HUP249_ses-postimplant_task-ictal439029_run-00_ieeg.edf	126558116	JBSFKb19tSEimSNUZxyvh+XdZg0lat+jXP007cBhRgs=
files/DATA/sub-HUP249/ses-postimplant/ieeg/sub-HUP249_ses-postimplant_task-ictal439029_run-00_ieeg.json	478	YorOPQhYQ+YqdCMYgVEb5T0fdizSLDrPTunexk96a1U=
files/DATA/sub-HUP249/ses-postimplant/ieeg/sub-HUP249_ses-postimplant_task-stim16147_run-00_channels.tsv	8643	PlDgCoiO+BJsIhsfqAefHRMEEUs3D0wbjN6lmz5GO38=
files/DATA/sub-HUP249/ses-postimplant/ieeg/sub-HUP249_ses-postimplant_task-stim16147_run-00_events.json	767	2vBH7ECswiWjfbCbqn4+yeAdcBHZJ4T0Q5TD93w2QLM=
files/DATA/sub-HUP249/ses-postimplant/ieeg/sub-HUP249_ses-postimplant_task-stim16147_run-00_events.tsv	80	MxQvbrOdDrxD3p24xNgtR5KziFi2VPMgZDUdfX4V08k=
files/DATA/sub-HUP249/ses-postimplant/ieeg/sub-HUP249_ses-postimplant_task-stim16147_run-00_ieeg.edf	102861024	CwtY9Fgu4gDOO2Iuj9AGEgN3pMmZguhVF+C8skLxDCk=
files/DATA/sub-HUP249/ses-postimplant/ieeg/sub-HUP249_ses-postimplant_task-stim16147_run-00_ieeg.json	476	Z0lRpm5fbaN2Nl7NqgUsgYl1AvaQhfMCswxL0oYaihc=
files/DATA/sub-HUP249/ses-postimplant/ieeg/sub-HUP249_ses-postimplant_task-stim187227_run-00_channels.tsv	8643	PlDgCoiO+BJsIhsfqAefHRMEEUs3D0wbjN6lmz5GO38=
files/DATA/sub-HUP249/ses-postimplant/ieeg/sub-HUP249_ses-postimplant_task-stim187227_run-00_events.json	767	2vBH7ECswiWjfbCbqn4+yeAdcBHZJ4T0Q5TD93w2QLM=
files/DATA/sub-HUP249/ses-postimplant/ieeg/sub-HUP249_ses-postimplant_task-stim187227_run-00_events.tsv	81	BxBE244Ftta+eR866+qk0926mxrqRFdya48yVbrhIwU=
files/DATA/sub-HUP249/ses-postimplant/ieeg/sub-HUP249_ses-postimplant_task-stim187227_run-00_ieeg.edf	104319964	SKjTBlxBdi8sk6omqKWFLT3CMBuZtR8tsCzcQFTsjvs=
files/DATA/sub-HUP249/ses-postimplant/ieeg/sub-HUP249_ses-postimplant_task-stim187227_run-00_ieeg.json	474	6fzFQG2Wnbbx8lj1JAOKqa3fUX182ff+J5vgxO9h2FI=
files/DATA/sub-HUP249/ses-postimplant/sub-HUP249_ses-postimplant_scans.tsv	294	FJ3vhntUNx08MxoP/EEG2d/pIRLmC2Oj+slh397sqHg=
files/DATA/sub-HUP250/derivatives/electrodes.json	992	yi3IhfTc2p3jv7TUPf+yeMHEjD12wPDEKcKJL3GnUbI=
files/DATA/sub-HUP250/derivatives/electrodes.tsv	17360	pulUsFuJynTfver84i2/gyvi+iGIcWd6ypI10Y2i1GQ=
files/DATA/sub-HUP250/ses-postimplant/ieeg/sub-HUP250_ses-postimplant_task-ictal209153_run-01_channels.tsv	8271	EvFxSpKttDffeA4TCXnCXgptjFte69JB+i1cyfV6XRk=
files/DATA/sub-HUP250/ses-postimplant/ieeg/sub-HUP250_ses-postimplant_task-ictal209153_run-01_events.json	767	2vBH7ECswiWjfbCbqn4+yeAdcBHZJ4T0Q5TD93w2QLM=
files/DATA/sub-HUP250/ses-postimplant/ieeg/sub-HUP250_ses-postimplant_task-ictal209153_run-01_events.tsv	81	lLdQsSiclc4lcYec8ValCMCGF/yfdEOQJZ+lO4aO03o=
files/DATA/sub-HUP250/ses-postimplant/ieeg/sub-HUP250_ses-postimplant_task-ictal209153_run-01_ieeg.edf	103114192	FhKIx2HSgJMVssIXArFRsV+MWLIOOKnFZEBr2fIViIk=
files/DATA/sub-HUP250/ses-postimplant/ieeg/sub-HUP250_ses-postimplant_task-ictal209153_run-01_ieeg.json	477	27niFDm+AkN++zXfHIC9f6Kfm9s7CJqjjUFUF3kxfbQ=
files/DATA/sub-HUP250/ses-postimplant/ieeg/sub-HUP250_ses-postimplant_task-ictal271748_run-01_channels.tsv	8271	EvFxSpKttDffeA4TCXnCXgptjFte69JB+i1cyfV6XRk=
files/DATA/sub-HUP250/ses-postimplant/ieeg/sub-HUP250_ses-postimplant_task-ictal271748_run-01_events.json	767	2vBH7ECswiWjfbCbqn4+yeAdcBHZJ4T0Q5TD93w2QLM=
files/DATA/sub-HUP250/ses-postimplant/ieeg/sub-HUP250_ses-postimplant_task-ictal271748_run-01_events.tsv	81	vSvgRltg7hI6Hyvj1agwqO8qaGSuXto7fCq90Rqj/4I=
files/DATA/sub-HUP250/ses-postimplant/ieeg/sub-HUP250_ses-postimplant_task-ictal271748_run-01_ieeg.edf	98934536	Q/spPxo39BqSNwfBu2mrbo2aTLr/RkEacdbt0zyqaoo=
files/DATA/sub-HUP250/ses-postimplant/ieeg/sub-HUP250_ses-postimplant_task-ictal271748_run-01_ieeg.json	478	w9X3P38QJaoCwx4DnIHGHTufD2NmPkHkcO+32vrs9qA=
files/DATA/sub-HUP250/ses-postimplant/ieeg/sub-HUP250_ses-postimplant_task-ictal448880_run-01_channels.tsv	8271	EvFxSpKttDffeA4TCXnCXgptjFte69JB+i1cyfV6XRk=
files/DATA/sub-HUP250/ses-postimplant/ieeg/sub-HUP250_ses-postimplant_task-ictal448880_run-01_events.json	767	2vBH7ECswiWjfbCbqn4+yeAdcBHZJ4T0Q5TD93w2QLM=
files/DATA/sub-HUP250/ses-postimplant/ieeg/sub-HUP250_ses-postimplant_task-ictal448880_run-01_events.tsv	81	LGz1eJ0VSz3A4Y8s9pCJO8ZCxr0g6ew6vApUYmByClE=
files/DATA/sub-HUP250/ses-postimplant/ieeg/sub-HUP250_ses-postimplant_task-ictal448880_run-01_ieeg.edf	102765982	sQe1vTo253m9SMBsZ3RdwI/IrcdkRH7mUTN0YsDgqaI=
files/DATA/sub-HUP250/ses-postimplant/ieeg/sub-HUP250_ses-postimplant_task-ictal448880_run-01_ieeg.json	477	obAWVlIhkT2BQUmuCqmL9ZfxhQldlsMhJ1i3+cL3Cm0=
files/DATA/sub-HUP250/ses-postimplant/ieeg/sub-HUP250_ses-postimplant_task-stim17184_run-00_channels.tsv	8271	EvFxSpKttDffeA4TCXnCXgptjFte69JB+i1cyfV6XRk=
files/DATA/sub-HUP250/ses-postimplant/ieeg/sub-HUP250_ses-postimplant_task-stim17184_run-00_events.json	767	2vBH7ECswiWjfbCbqn4+yeAdcBHZJ4T0Q5TD93w2QLM=
files/DATA/sub-HUP250/ses-postimplant/ieeg/sub-HUP250_ses-postimplant_task-stim17184_run-00_events.tsv	80	hZq7vVRvNsnuRvU6ld7uSkmdd00X/V1v/6I5kdF+b3U=
files/DATA/sub-HUP250/ses-postimplant/ieeg/sub-HUP250_ses-postimplant_task-stim17184_run-00_ieeg.edf	96498202	awk3lVwmDXrKBN7nLSDh2Twltw/y4d8FRsuU1NvlFXI=
files/DATA/sub-HUP250/ses-postimplant/ieeg/sub-HUP250_ses-postimplant_task-stim17184_run-00_ieeg.json	475	WucxxTJOFtSsgKz0X19p3bhNopDd3E0hFra5EKyhhSg=
files/DATA/sub-HUP250/ses-postimplant/sub-HUP250_ses-postimplant_scans.tsv	295	Fd54KBMfqSLVoe+8WIuYhNZHCyePKRaQw0Maj5+ukPo=
files/DATA/sub-HUP253/derivatives/electrodes.json	992	yi3IhfTc2p3jv7TUPf+yeMHEjD12wPDEKcKJL3GnUbI=
files/DATA/sub-HUP253/derivatives/electrodes.tsv	8176	bfTxbDFU19R8QdaJnK59a48BluY5iiQ8jG4H7Pdu35c=
files/DATA/sub-HUP253/ses-postimplant/ieeg/sub-HUP253_ses-postimplant_task-ictal286026_run-01_channels.tsv	5007	QR4/rLrGjwt3fkcQsG1QS5xy/ePSD8oFeeYmZ1aVpco=
files/DATA/sub-HUP253/ses-postimplant/ieeg/sub-HUP253_ses-postimplant_task-ictal286026_run-01_events.json	767	2vBH7ECswiWjfbCbqn4+yeAdcBHZJ4T0Q5TD93w2QLM=
files/DATA/sub-HUP253/ses-postimplant/ieeg/sub-HUP253_ses-postimplant_task-ictal286026_run-01_events.tsv	81	Ows2p8jtSd7DVrQ4j8blwoMGeNiQeBCcxe7lE2A+5u0=
files/DATA/sub-HUP253/ses-postimplant/ieeg/sub-HUP253_ses-postimplant_task-ictal286026_run-01_ieeg.edf	57695720	uhr9/ANdPremQJ3jw9HFLIJyZvDcZYvBFIaPA4ZZ0Ds=
files/DATA/sub-HUP253/ses-postimplant/ieeg/sub-HUP253_ses-postimplant_task-ictal286026_run-01_ieeg.json	476	AS/DQ2rPMcCSiXPThfxz6X0/VBUQvRmzZs3rsc+q5E4=
files/DATA/sub-HUP253/ses-postimplant/ieeg/sub-HUP253_ses-postimplant_task-ictal45666_run-01_channels.tsv	5007	QR4/rLrGjwt3fkcQsG1QS5xy/ePSD8oFeeYmZ1aVpco=
files/DATA/sub-HUP253/ses-postimplant/ieeg/sub-HUP253_ses-postimplant_task-ictal45666_run-01_events.json	767	2vBH7ECswiWjfbCbqn4+yeAdcBHZJ4T0Q5TD93w2QLM=
files/DATA/sub-HUP253/ses-postimplant/ieeg/sub-HUP253_ses-postimplant_task-ictal45666_run-01_events.tsv	81	9sv06OVonnMbt9gozTUWnhQshDWZP8tYp8+hd1GJaPg=
files/DATA/sub-HUP253/ses-postimplant/ieeg/sub-HUP253_ses-postimplant_task-ictal45666_run-01_ieeg.edf	57695168	G3PFesx6UcVmYQfdvSN09WSL9DmIAHU0PCSEkGvGuZQ=
files/DATA/sub-HUP253/ses-postimplant/ieeg/sub-HUP253_ses-postimplant_task-ictal45666_run-01_ieeg.json	477	6JiGhnUI4OYojlmjzlNP00ZnaqYLjmEvT74hX/3hy48=
files/DATA/sub-HUP253/ses-postimplant/ieeg/sub-HUP253_ses-postimplant_task-ictal68657_run-01_channels.tsv	5007	QR4/rLrGjwt3fkcQsG1QS5xy/ePSD8oFeeYmZ1aVpco=
files/DATA/sub-HUP253/ses-postimplant/ieeg/sub-HUP253_ses-postimplant_task-ictal68657_run-01_events.json	767	2vBH7ECswiWjfbCbqn4+yeAdcBHZJ4T0Q5TD93w2QLM=
files/DATA/sub-HUP253/ses-postimplant/ieeg/sub-HUP253_ses-postimplant_task-ictal68657_run-01_events.tsv	81	XRFr7JI5geEsV7HOZCCxxER8OMmgN4teKRlTf1kpSfs=
files/DATA/sub-HUP253/ses-postimplant/ieeg/sub-HUP253_ses-postimplant_task-ictal68657_run-01_ieeg.edf	56859936	gZftj9uiOZiOSBPp7o45iOSAKb2uvV0WnwBLeGAcU/c=
files/DATA/sub-HUP253/ses-postimplant/ieeg/sub-HUP253_ses-postimplant_task-ictal68657_run-01_ieeg.json	474	ACRt4NW1W2af2l44OIYcmsD+EA3iEYWEMdvEKBi6k8Q=
files/DATA/sub-HUP253/ses-postimplant/ieeg/sub-HUP253_ses-postimplant_task-stim15516_run-00_channels.tsv	5007	QR4/rLrGjwt3fkcQsG1QS5xy/ePSD8oFeeYmZ1aVpco=
files/DATA/sub-HUP253/ses-postimplant/ieeg/sub-HUP253_ses-postimplant_task-stim15516_run-00_events.json	767	2vBH7ECswiWjfbCbqn4+yeAdcBHZJ4T0Q5TD93w2QLM=
files/DATA/sub-HUP253/ses-postimplant/ieeg/sub-HUP253_ses-postimplant_task-stim15516_run-00_events.tsv	80	1eKXNjXTlUqZdods3HLGtvyA26+asIEu3VWqC3matvA=
files/DATA/sub-HUP253/ses-postimplant/ieeg/sub-HUP253_ses-postimplant_task-stim15516_run-00_ieeg.edf	57904666	qhUgCQ1kTM4WGq9XQF7ESukItKE1Mwiex/TOQU/dqW4=
files/DATA/sub-HUP253/ses-postimplant/ieeg/sub-HUP253_ses-postimplant_task-stim15516_run-00_ieeg.json	473	R02W7/NqeoAKTXI2qmt2m1fd2Z4MbAloix/s7PEHJBI=
files/DATA/sub-HUP253/ses-postimplant/sub-HUP253_ses-postimplant_scans.tsv	293	nIYfRJGrnsi7AZ0BDjOkAdYwjhYipJmenepzr8by1iY=
files/DATA/sub-HUP257/derivatives/electrodes.json	992	yi3IhfTc2p3jv7TUPf+yeMHEjD12wPDEKcKJL3GnUbI=
files/DATA/sub-HUP257/derivatives/electrodes.tsv	9489	IGuTldkBG9V+uea7yJ6/f1HPnFn8mUTBxlxkvWGoQv8=
files/DATA/sub-HUP257/ses-postimplant/ieeg/sub-HUP257_ses-postimplant_task-ictal387681_run-01_channels.tsv	5775	cGWX0Vgy6blaLnyh0j6o+r2jw7IoBcnl1zNNvtPngvI=
files/DATA/sub-HUP257/ses-postimplant/ieeg/sub-HUP257_ses-postimplant_task-ictal387681_run-01_events.json	767	2vBH7ECswiWjfbCbqn4+yeAdcBHZJ4T0Q5TD93w2QLM=
files/DATA/sub-HUP257/ses-postimplant/ieeg/sub-HUP257_ses-postimplant_task-ictal387681_run-01_events.tsv	82	qv5RHwlLpVGB9i13xtqY8GxqptQdIzh9Cs5wYoczK9M=
files/DATA/sub-HUP257/ses-postimplant/ieeg/sub-HUP257_ses-postimplant_task-ictal387681_run-01_ieeg.edf	112184160	Xg1s48IaaEbwPDSuldc564r7sHQILAPa6YSvZLn7cFI=
files/DATA/sub-HUP257/ses-postimplant/ieeg/sub-HUP257_ses-postimplant_task-ictal387681_run-01_ieeg.json	478	RkfUlAwweQoTrufczvWh/r9hBhEArLH1w+kiQ8rE7dY=
files/DATA/sub-HUP257/ses-postimplant/ieeg/sub-HUP257_ses-postimplant_task-ictal412046_run-01_channels.tsv	5775	cGWX0Vgy6blaLnyh0j6o+r2jw7IoBcnl1zNNvtPngvI=
files/DATA/sub-HUP257/ses-postimplant/ieeg/sub-HUP257_ses-postimplant_task-ictal412046_run-01_events.json	767	2vBH7ECswiWjfbCbqn4+yeAdcBHZJ4T0Q5TD93w2QLM=
files/DATA/sub-HUP257/ses-postimplant/ieeg/sub-HUP257_ses-postimplant_task-ictal412046_run-01_events.tsv	82	R+imrcEAOlnbmnc9MjgRmJcvE7/VS5f5Iei5tD5y+88=
files/DATA/sub-HUP257/ses-postimplant/ieeg/sub-HUP257_ses-postimplant_task-ictal412046_run-01_ieeg.edf	89948328	0fsH93WYljNSdeskFxI4tAs4FIwc/V7EwSLAR/+yAac=
files/DATA/sub-HUP257/ses-postimplant/ieeg/sub-HUP257_ses-postimplant_task-ictal412046_run-01_ieeg.json	476	AUwcFpR1VlprZNYuFU3CDXgo4U672uI32AwR+wwYg2U=
files/DATA/sub-HUP257/ses-postimplant/ieeg/sub-HUP257_ses-postimplant_task-ictal443897_run-01_channels.tsv	5775	cGWX0Vgy6blaLnyh0j6o+r2jw7IoBcnl1zNNvtPngvI=
files/DATA/sub-HUP257/ses-postimplant/ieeg/sub-HUP257_ses-postimplant_task-ictal443897_run-01_events.json	767	2vBH7ECswiWjfbCbqn4+yeAdcBHZJ4T0Q5TD93w2QLM=
files/DATA/sub-HUP257/ses-postimplant/ieeg/sub-HUP257_ses-postimplant_task-ictal443897_run-01_events.tsv	82	o/FAL/nofxyQjDoqPGwkjcrCXqFHpeK4IPzF42k6sqE=
files/DATA/sub-HUP257/ses-postimplant/ieeg/sub-HUP257_ses-postimplant_task-ictal443897_run-01_ieeg.edf	83180336	M8WvuIZaYXz6hnWyGuJ8nyzfGxUx6ZSedgDvJVMPI6c=
files/DATA/sub-HUP257/ses-postimplant/ieeg/sub-HUP257_ses-postimplant_task-ictal443897_run-01_ieeg.json	477	YJ6tn99eLls7mWGsw6NICpIP0OsmDmMh0EQfpsDs7Eo=
files/DATA/sub-HUP257/ses-postimplant/ieeg/sub-HUP257_ses-postimplant_task-stim8576_run-00_channels.tsv	5775	cGWX0Vgy6blaLnyh0j6o+r2jw7IoBcnl1zNNvtPngvI=
files/DATA/sub-HUP257/ses-postimplant/ieeg/sub-HUP257_ses-postimplant_task-stim8576_run-00_events.json	767	2vBH7ECswiWjfbCbqn4+yeAdcBHZJ4T0Q5TD93w2QLM=
files/DATA/sub-HUP257/ses-postimplant/ieeg/sub-HUP257_ses-postimplant_task-stim8576_run-00_events.tsv	80	+dql3p8PpR+m8nKzcqdqLHGZVN2LZPvvzAfXupu0igE=
files/DATA/sub-HUP257/ses-postimplant/ieeg/sub-HUP257_ses-postimplant_task-stim8576_run-00_ieeg.edf	74478632	MLNAjGRuUOuN2SEls9NISLhvK3ujvQLCKl52oO53ft4=
files/DATA/sub-HUP257/ses-postimplant/ieeg/sub-HUP257_ses-postimplant_task-stim8576_run-00_ieeg.json	473	RLNXsUItX9i1xp8o0hhI3bRyK7M7EbZvkMsLGP8lRF8=
files/DATA/sub-HUP257/ses-postimplant/sub-HUP257_ses-postimplant_scans.tsv	294	HkJqwiokVFI/zAfDgnIHqhzz43Ee/PxQel4I1GSLCzc=
files/DATA/sub-HUP261/derivatives/electrodes.json	992	yi3IhfTc2p3jv7TUPf+yeMHEjD12wPDEKcKJL3GnUbI=
files/DATA/sub-HUP261/derivatives/electrodes.tsv	9429	gODlOt9SHT2+FfgagihU9J0EzqBR4Cx7P8Lj17agx3s=
files/DATA/sub-HUP261/ses-postimplant/ieeg/sub-HUP261_ses-postimplant_task-ictal271899_run-00_channels.tsv	5763	GDBz2dZNdXoME483KVJKNwnL4IxfAj68wFgc89WsM0I=
files/DATA/sub-HUP261/ses-postimplant/ieeg/sub-HUP261_ses-postimplant_task-ictal271899_run-00_events.json	767	2vBH7ECswiWjfbCbqn4+yeAdcBHZJ4T0Q5TD93w2QLM=
files/DATA/sub-HUP261/ses-postimplant/ieeg/sub-HUP261_ses-postimplant_task-ictal271899_run-00_events.tsv	82	1wNU9rfPP8IaAZnQykhN6q0TgNabV1kZJq7Nof2IcDc=
files/DATA/sub-HUP261/ses-postimplant/ieeg/sub-HUP261_ses-postimplant_task-ictal271899_run-00_ieeg.edf	107349960	Wn2M38q4KepFT3ijTlAqVoxAII4dhCWd9vHEO33OjMM=
files/DATA/sub-HUP261/ses-postimplant/ieeg/sub-HUP261_ses-postimplant_task-ictal271899_run-00_ieeg.json	478	bYR9yW3LOiAIb6DZXXmv8W1uAeLCRU2Pgg9TGYx06Yo=
files/DATA/sub-HUP261/ses-postimplant/sub-HUP261_ses-postimplant_scans.tsv	90	ox2+Vrr//PqyE4GaQ0IUhpAPAqbjDvA49jCB8hKasZM=
files/DATA/sub-HUP263/derivatives/electrodes.json	992	yi3IhfTc2p3jv7TUPf+yeMHEjD12wPDEKcKJL3GnUbI=
files/DATA/sub-HUP263/derivatives/electrodes.tsv	10354	ekdHvwuFJSXtMuWtqZ1AUr6nE1cCakWrtOoRmNcNsnk=
files/DATA/sub-HUP263/ses-postimplant/ieeg/sub-HUP263_ses-postimplant_task-ictal212899_run-00_channels.tsv	6061	93AFjh/DsplsL3qlllRCQkfqeGlStAc4x4p7Tj2HLTA=
files/DATA/sub-HUP263/ses-postimplant/ieeg/sub-HUP263_ses-postimplant_task-ictal212899_run-00_events.json	767	2vBH7ECswiWjfbCbqn4+yeAdcBHZJ4T0Q5TD93w2QLM=
files/DATA/sub-HUP263/ses-postimplant/ieeg/sub-HUP263_ses-postimplant_task-ictal212899_run-00_events.tsv	81	7rGpinwo/qx0YIkuHQMH31fYApA8E8k6wNIPUng58gM=
files/DATA/sub-HUP263/ses-postimplant/ieeg/sub-HUP263_ses-postimplant_task-ictal212899_run-00_ieeg.edf	77248256	ze7dAStzKfWH+6KVAH1xV9JKOTO2BY7HpC5DMUF+0d4=
files/DATA/sub-HUP263/ses-postimplant/ieeg/sub-HUP263_ses-postimplant_task-ictal212899_run-00_ieeg.json	478	MZywdh7fP3inui3i+vvCTaXTX4tN4O7VFNDx/m821ok=
files/DATA/sub-HUP263/ses-postimplant/ieeg/sub-HUP263_ses-postimplant_task-ictal272461_run-00_channels.tsv	6061	93AFjh/DsplsL3qlllRCQkfqeGlStAc4x4p7Tj2HLTA=
files/DATA/sub-HUP263/ses-postimplant/ieeg/sub-HUP263_ses-postimplant_task-ictal272461_run-00_events.json	767	2vBH7ECswiWjfbCbqn4+yeAdcBHZJ4T0Q5TD93w2QLM=
files/DATA/sub-HUP263/ses-postimplant/ieeg/sub-HUP263_ses-postimplant_task-ictal272461_run-00_events.tsv	81	OHJZ6K4NX6jerb27eIl6zwPlCuORN2e/W+gj4HOIkQM=
files/DATA/sub-HUP263/ses-postimplant/ieeg/sub-HUP263_ses-postimplant_task-ictal272461_run-00_ieeg.edf	78518874	d6UQ22wHaWmArEjRrVw3pVIOUONkTl+iwDs0oh5srkg=
files/DATA/sub-HUP263/ses-postimplant/ieeg/sub-HUP263_ses-postimplant_task-ictal272461_run-00_ieeg.json	477	V1MyxC77EvKIjmromKkJR5TcAepEnPfY+P95eQTg6oo=
files/DATA/sub-HUP263/ses-postimplant/ieeg/sub-HUP263_ses-postimplant_task-stim89587_run-00_channels.tsv	6061	93AFjh/DsplsL3qlllRCQkfqeGlStAc4x4p7Tj2HLTA=
files/DATA/sub-HUP263/ses-postimplant/ieeg/sub-HUP263_ses-postimplant_task-stim89587_run-00_events.json	767	2vBH7ECswiWjfbCbqn4+yeAdcBHZJ4T0Q5TD93w2QLM=
files/DATA/sub-HUP263/ses-postimplant/ieeg/sub-HUP263_ses-postimplant_task-stim89587_run-00_events.tsv	81	gpvNgQi4TDKNzW0udCvNHZSEKc2AqV7Dgk34HUAlyq8=
files/DATA/sub-HUP263/ses-postimplant/ieeg/sub-HUP263_ses-postimplant_task-stim89587_run-00_ieeg.edf	95029004	ORrSUWsFtzB5IsfErBT9AWeE7eu/2Wa3uqKpsqxNWwI=
files/DATA/sub-HUP263/ses-postimplant/ieeg/sub-HUP263_ses-postimplant_task-stim89587_run-00_ieeg.json	475	Su9Gxd3grxcmtAfV/uYEvNYUxii5zr1vAu9aQkBTpU0=
files/DATA/sub-HUP263/ses-postimplant/sub-HUP263_ses-postimplant_scans.tsv	226	SUTeRYd5pS4ZHl6c2eV3feFyT6FgeGD7U9ChkXi8E8w=
files/DATA/sub-HUP266/derivatives/electrodes.json	992	yi3IhfTc2p3jv7TUPf+yeMHEjD12wPDEKcKJL3GnUbI=
files/DATA/sub-HUP266/derivatives/electrodes.tsv	9363	Vdz6C3BjX+GVXaR2K6y21Uc0dAE0aaqKpC8Ennl1dBQ=
files/DATA/sub-HUP266/ses-postimplant/ieeg/sub-HUP266_ses-postimplant_task-ictal253214_run-00_channels.tsv	5679	9mxZpabTEo4t750Yn8q8JeZAvSAQldw08occJ+m0bNI=
files/DATA/sub-HUP266/ses-postimplant/ieeg/sub-HUP266_ses-postimplant_task-ictal253214_run-00_events.json	767	2vBH7ECswiWjfbCbqn4+yeAdcBHZJ4T0Q5TD93w2QLM=
files/DATA/sub-HUP266/ses-postimplant/ieeg/sub-HUP266_ses-postimplant_task-ictal253214_run-00_events.tsv	80	POaEAP9Bie1XaBXOb5uJveWR0d54ozKvePYgjkhCLqM=
files/DATA/sub-HUP266/ses-postimplant/ieeg/sub-HUP266_ses-postimplant_task-ictal253214_run-00_ieeg.edf	66224560	/Rqyh7HpS0R+oYee2359hxBn9VmtrVms8E5sOnZvTgE=
files/DATA/sub-HUP266/ses-postimplant/ieeg/sub-HUP266_ses-postimplant_task-ictal253214_run-00_ieeg.json	478	YKzVskRJsdZAp+/auJ/sSwuj+DEJmt5043qWLpstQGg=
files/DATA/sub-HUP266/ses-postimplant/ieeg/sub-HUP266_ses-postimplant_task-ictal301581_run-00_channels.tsv	5679	9mxZpabTEo4t750Yn8q8JeZAvSAQldw08occJ+m0bNI=
files/DATA/sub-HUP266/ses-postimplant/ieeg/sub-HUP266_ses-postimplant_task-ictal301581_run-00_events.json	767	2vBH7ECswiWjfbCbqn4+yeAdcBHZJ4T0Q5TD93w2QLM=
files/DATA/sub-HUP266/ses-postimplant/ieeg/sub-HUP266_ses-postimplant_task-ictal301581_run-00_events.tsv	82	PYLbKzpx5BTkicutOd78BHYS4SGbNOsSD2KVj64Zpps=
files/DATA/sub-HUP266/ses-postimplant/ieeg/sub-HUP266_ses-postimplant_task-ictal301581_run-00_ieeg.edf	114045832	elHHSK/DDGaWrKNmk1vRRHgz6QGOc+qxUz3VXldQqbc=
files/DATA/sub-HUP266/ses-postimplant/ieeg/sub-HUP266_ses-postimplant_task-ictal301581_run-00_ieeg.json	477	MelyjafboShwQqjM0PWPfJ4qnGLGdEk+Drx28JDplsg=
files/DATA/sub-HUP266/ses-postimplant/ieeg/sub-HUP266_ses-postimplant_task-ictal418859_run-00_channels.tsv	5679	9mxZpabTEo4t750Yn8q8JeZAvSAQldw08occJ+m0bNI=
files/DATA/sub-HUP266/ses-postimplant/ieeg/sub-HUP266_ses-postimplant_task-ictal418859_run-00_events.json	767	2vBH7ECswiWjfbCbqn4+yeAdcBHZJ4T0Q5TD93w2QLM=
files/DATA/sub-HUP266/ses-postimplant/ieeg/sub-HUP266_ses-postimplant_task-ictal418859_run-00_events.tsv	81	Tcf3KaKVkWs/0cu6Zjczk2G9NsQOM/QxjtyybQtLHjc=
files/DATA/sub-HUP266/ses-postimplant/ieeg/sub-HUP266_ses-postimplant_task-ictal418859_run-00_ieeg.edf	72111924	kIztqeb/kgFfD0imMIVfK8yH43r1TMd76KLSMtOt7vY=
files/DATA/sub-HUP266/ses-postimplant/ieeg/sub-HUP266_ses-postimplant_task-ictal418859_run-00_ieeg.json	478	8pB404N+5zUKM0gb3Wk9BhTy9xkQC9UZjjykVfevSa8=
files/DATA/sub-HUP266/ses-postimplant/ieeg/sub-HUP266_ses-postimplant_task-stim12508_run-00_channels.tsv	5679	9mxZpabTEo4t750Yn8q8JeZAvSAQldw08occJ+m0bNI=
files/DATA/sub-HUP266/ses-postimplant/ieeg/sub-HUP266_ses-postimplant_task-stim12508_run-00_events.json	767	2vBH7ECswiWjfbCbqn4+yeAdcBHZJ4T0Q5TD93w2QLM=
files/DATA/sub-HUP266/ses-postimplant/ieeg/sub-HUP266_ses-postimplant_task-stim12508_run-00_events.tsv	80	6sNvyeQFCjDdn7smEHAu0ViCopGXpOcLEtRf5GVWJbY=
files/DATA/sub-HUP266/ses-postimplant/ieeg/sub-HUP266_ses-postimplant_task-stim12508_run-00_ieeg.edf	67167402	1yU7ANFmY1CHvEpqYrjyMFp4E7Ct5pgZ2XQuBwLVXVY=
files/DATA/sub-HUP266/ses-postimplant/ieeg/sub-HUP266_ses-postimplant_task-stim12508_run-00_ieeg.json	475	Je5LZjptH/Fdd2WzVCueKiL8HiniO2ch6/LxwOoDZKI=
files/DATA/sub-HUP266/ses-postimplant/sub-HUP266_ses-postimplant_scans.tsv	295	N/0uglpR+K7ZwhLjCawF4QMPU8h1GTdXrLswRQXiWzc=
files/DATA/sub-HUP267/derivatives/electrodes.json	992	yi3IhfTc2p3jv7TUPf+yeMHEjD12wPDEKcKJL3GnUbI=
files/DATA/sub-HUP267/derivatives/electrodes.tsv	12975	JsumeY3xdvA20Ji7g5KzKM8MHDQUEy4s9RUU0xAejnk=
files/DATA/sub-HUP267/ses-postimplant/ieeg/sub-HUP267_ses-postimplant_task-ictal49987_run-01_channels.tsv	7895	cqmVWvgpcjaMYbwnyFSAzYB3tWZ+weGDUY8PiOvoLJY=
files/DATA/sub-HUP267/ses-postimplant/ieeg/sub-HUP267_ses-postimplant_task-ictal49987_run-01_events.json	767	2vBH7ECswiWjfbCbqn4+yeAdcBHZJ4T0Q5TD93w2QLM=
files/DATA/sub-HUP267/ses-postimplant/ieeg/sub-HUP267_ses-postimplant_task-ictal49987_run-01_events.tsv	81	882y5qrD5eYZZhVRdSXTQ5bsBQauQbo1VfTTmGy6eX4=
files/DATA/sub-HUP267/ses-postimplant/ieeg/sub-HUP267_ses-postimplant_task-ictal49987_run-01_ieeg.edf	103571072	PAffvemH4T5Z03PdV8dyruURf9QFY+GgWdc4CVJe7kk=
files/DATA/sub-HUP267/ses-postimplant/ieeg/sub-HUP267_ses-postimplant_task-ictal49987_run-01_ieeg.json	477	XPyFVJxAYUr03Ka6sVxvvH6pd2tFjT3vboUtTy7RbWs=
files/DATA/sub-HUP267/ses-postimplant/ieeg/sub-HUP267_ses-postimplant_task-stim63986_run-00_channels.tsv	7895	cqmVWvgpcjaMYbwnyFSAzYB3tWZ+weGDUY8PiOvoLJY=
files/DATA/sub-HUP267/ses-postimplant/ieeg/sub-HUP267_ses-postimplant_task-stim63986_run-00_events.json	767	2vBH7ECswiWjfbCbqn4+yeAdcBHZJ4T0Q5TD93w2QLM=
files/DATA/sub-HUP267/ses-postimplant/ieeg/sub-HUP267_ses-postimplant_task-stim63986_run-00_events.tsv	80	7Kz+xsV0DyrA0gm5IY8EVEBQ0lmii8+Qho4E7zrB1as=
files/DATA/sub-HUP267/ses-postimplant/ieeg/sub-HUP267_ses-postimplant_task-stim63986_run-00_ieeg.edf	105894478	vE9fK/03qwhPE+lClG1CCLlzIdbvfXslxl8ph1CQV8Q=
files/DATA/sub-HUP267/ses-postimplant/ieeg/sub-HUP267_ses-postimplant_task-stim63986_run-00_ieeg.json	473	v4zW1HU7YdeBUPV14OV/u90VT1wOzx64agBfJgDrz7o=
files/DATA/sub-HUP267/ses-postimplant/sub-HUP267_ses-postimplant_scans.tsv	156	TwyP229VPizuQTk7LB/XOTOHlKV6xmsge6g/0bbY2fA=
files/DATA/sub-HUP273/derivatives/electrodes.json	992	yi3IhfTc2p3jv7TUPf+yeMHEjD12wPDEKcKJL3GnUbI=
files/DATA/sub-HUP273/derivatives/electrodes.tsv	15278	bJ9eikcec7oeNZ/yzLU8WX3+VEtUdHFRrYVvnmCs3go=
files/DATA/sub-HUP273/ses-postimplant/ieeg/sub-HUP273_ses-postimplant_task-ictal233275_run-01_channels.tsv	9135	Fpje4fmMyzf3W7HFK9E+CnvVWTFF0KfEN/QZ/5qcZwU=
files/DATA/sub-HUP273/ses-postimplant/ieeg/sub-HUP273_ses-postimplant_task-ictal233275_run-01_events.json	767	2vBH7ECswiWjfbCbqn4+yeAdcBHZJ4T0Q5TD93w2QLM=
files/DATA/sub-HUP273/ses-postimplant/ieeg/sub-HUP273_ses-postimplant_task-ictal233275_run-01_events.tsv	80	162gDCL20hhvclAGYqg6h/IJoPKZZHx7JyuvPzQrggw=
files/DATA/sub-HUP273/ses-postimplant/ieeg/sub-HUP273_ses-postimplant_task-ictal233275_run-01_ieeg.edf	65338792	M/0Q2qb+pqL3XH1UR9Jic1X4S9af951T22AOW3SbLMs=
files/DATA/sub-HUP273/ses-postimplant/ieeg/sub-HUP273_ses-postimplant_task-ictal233275_run-01_ieeg.json	476	9EK+rg8BYIe+fVuH3LvqcnHwQ6aePmDHK+5w1OimyMs=
files/DATA/sub-HUP273/ses-postimplant/ieeg/sub-HUP273_ses-postimplant_task-stim20467_run-00_channels.tsv	9135	Fpje4fmMyzf3W7HFK9E+CnvVWTFF0KfEN/QZ/5qcZwU=
files/DATA/sub-HUP273/ses-postimplant/ieeg/sub-HUP273_ses-postimplant_task-stim20467_run-00_events.json	767	2vBH7ECswiWjfbCbqn4+yeAdcBHZJ4T0Q5TD93w2QLM=
files/DATA/sub-HUP273/ses-postimplant/ieeg/sub-HUP273_ses-postimplant_task-stim20467_run-00_events.tsv	79	GmszIhAJKF4txO35oa8491lLv/e8T5ku7Z0Pn2ut9FE=
files/DATA/sub-HUP273/ses-postimplant/ieeg/sub-HUP273_ses-postimplant_task-stim20467_run-00_ieeg.edf	54326720	MBbGGxUhZkeQSWpaDbezWWCjynItsYhtWvy0m/kYKYw=
files/DATA/sub-HUP273/ses-postimplant/ieeg/sub-HUP273_ses-postimplant_task-stim20467_run-00_ieeg.json	473	Bkub0X2jMiFs7M21J6IJdqiYPI4KHkcjZXbIK+CA0n8=
files/DATA/sub-HUP273/ses-postimplant/ieeg/sub-HUP273_ses-postimplant_task-stim21077_run-00_channels.tsv	9135	Fpje4fmMyzf3W7HFK9E+CnvVWTFF0KfEN/QZ/5qcZwU=
files/DATA/sub-HUP273/ses-postimplant/ieeg/sub-HUP273_ses-postimplant_task-stim21077_run-00_events.json	767	2vBH7ECswiWjfbCbqn4+yeAdcBHZJ4T0Q5TD93w2QLM=
files/DATA/sub-HUP273/ses-postimplant/ieeg/sub-HUP273_ses-postimplant_task-stim21077_run-00_events.tsv	79	CUymr21pdzxfQeacFhK3deA/BOuEK417d2kcjGpZEIw=
files/DATA/sub-HUP273/ses-postimplant/ieeg/sub-HUP273_ses-postimplant_task-stim21077_run-00_ieeg.edf	58456496	kds2sJk256eWOupM/fr05IT4s9B5mBzn1qcso3uVXsU=
files/DATA/sub-HUP273/ses-postimplant/ieeg/sub-HUP273_ses-postimplant_task-stim21077_run-00_ieeg.json	473	IVpqbyEVrpPaFEwpwRaJMz5PLzvbQMf6Q76Lgif3/YE=
files/DATA/sub-HUP273/ses-postimplant/sub-HUP273_ses-postimplant_scans.tsv	224	/6T4cZJr8Yb43XUt6vNd0YKzHs2S0sZ3b6OwqRuLDAc=
files/DATA/sub-HUP275/derivatives/electrodes.json	992	yi3IhfTc2p3jv7TUPf+yeMHEjD12wPDEKcKJL3GnUbI=
files/DATA/sub-HUP275/derivatives/electrodes.tsv	12018	Hn97si1PLWF//Z/sQLqj4jmtlnTj8ppLXUs8mCHbuos=
files/DATA/sub-HUP275/ses-postimplant/ieeg/sub-HUP275_ses-postimplant_task-ictal297659_run-01_channels.tsv	7107	OXq4Qyv8Dkzb3kAcfkwDvBNh5M97THlCAPhrMQR/C3Y=
files/DATA/sub-HUP275/ses-postimplant/ieeg/sub-HUP275_ses-postimplant_task-ictal297659_run-01_events.json	767	2vBH7ECswiWjfbCbqn4+yeAdcBHZJ4T0Q5TD93w2QLM=
files/DATA/sub-HUP275/ses-postimplant/ieeg/sub-HUP275_ses-postimplant_task-ictal297659_run-01_events.tsv	82	IZpOkAYLItDu4PoYvqNJXvLE/HQQEdTFb7KX3/7b7w4=
files/DATA/sub-HUP275/ses-postimplant/ieeg/sub-HUP275_ses-postimplant_task-ictal297659_run-01_ieeg.edf	88557280	zjCkIx0DFUeqiO1GOxFc/AEgJ5EmWlfkPVWQlrf9iCE=
files/DATA/sub-HUP275/ses-postimplant/ieeg/sub-HUP275_ses-postimplant_task-ictal297659_run-01_ieeg.json	478	EaoeIeiMnoZfIjku1CqTEualYCsKRbfeWF9tGq2nZF0=
files/DATA/sub-HUP275/ses-postimplant/ieeg/sub-HUP275_ses-postimplant_task-stim32467_run-00_channels.tsv	7107	OXq4Qyv8Dkzb3kAcfkwDvBNh5M97THlCAPhrMQR/C3Y=
files/DATA/sub-HUP275/ses-postimplant/ieeg/sub-HUP275_ses-postimplant_task-stim32467_run-00_events.json	767	2vBH7ECswiWjfbCbqn4+yeAdcBHZJ4T0Q5TD93w2QLM=
files/DATA/sub-HUP275/ses-postimplant/ieeg/sub-HUP275_ses-postimplant_task-stim32467_run-00_events.tsv	79	78Bnm09kP2qY0wG4hM6s7FFMuLv1uHjv761USFaABuo=
files/DATA/sub-HUP275/ses-postimplant/ieeg/sub-HUP275_ses-postimplant_task-stim32467_run-00_ieeg.edf	87362824	Vkgpcbg9K/XIJXnF/2WnYsld1UenZ6SeeSQkfoItt+M=
files/DATA/sub-HUP275/ses-postimplant/ieeg/sub-HUP275_ses-postimplant_task-stim32467_run-00_ieeg.json	475	93Ok86FmAQpmk702pJM4X+mZ4G+CBRGeptdbCCPXSKg=
files/DATA/sub-HUP275/ses-postimplant/ieeg/sub-HUP275_ses-postimplant_task-stim32916_run-00_channels.tsv	7107	OXq4Qyv8Dkzb3kAcfkwDvBNh5M97THlCAPhrMQR/C3Y=
files/DATA/sub-HUP275/ses-postimplant/ieeg/sub-HUP275_ses-postimplant_task-stim32916_run-00_events.json	767	2vBH7ECswiWjfbCbqn4+yeAdcBHZJ4T0Q5TD93w2QLM=
files/DATA/sub-HUP275/ses-postimplant/ieeg/sub-HUP275_ses-postimplant_task-stim32916_run-00_events.tsv	81	X17BCdM9N02/sOGnGeZy/5/+oZIjLJl8NYNJHmupalk=
files/DATA/sub-HUP275/ses-postimplant/ieeg/sub-HUP275_ses-postimplant_task-stim32916_run-00_ieeg.edf	88559056	SCf94OlWEd9a9E0T0BTbeydbobOYaNq1XQHKXQ4FZa4=
files/DATA/sub-HUP275/ses-postimplant/ieeg/sub-HUP275_ses-postimplant_task-stim32916_run-00_ieeg.json	474	ZwyheUE1VfsKzTGsO7hAHkETdCrnHtLXX7MFIQH7U9Y=
files/DATA/sub-HUP275/ses-postimplant/sub-HUP275_ses-postimplant_scans.tsv	224	qPym6DXm8oOcwmXmuV4qLd8PGZUk6h+hNPEh+5O+wwg=
files/DATA/sub-HUP288/derivatives/electrodes.json	992	yi3IhfTc2p3jv7TUPf+yeMHEjD12wPDEKcKJL3GnUbI=
files/DATA/sub-HUP288/derivatives/electrodes.tsv	11766	n1v5pjZZQ64vGb1706DEMOxTsu9v9lS4jVTYCw8YybE=
files/DATA/sub-HUP288/ses-postimplant/ieeg/sub-HUP288_ses-postimplant_task-ictal251098_run-00_channels.tsv	7491	vm92deVzFWyNM6Nxo2KJMnGiqpud5XHHcZoUsffJUEk=
files/DATA/sub-HUP288/ses-postimplant/ieeg/sub-HUP288_ses-postimplant_task-ictal251098_run-00_events.json	767	2vBH7ECswiWjfbCbqn4+yeAdcBHZJ4T0Q5TD93w2QLM=
files/DATA/sub-HUP288/ses-postimplant/ieeg/sub-HUP288_ses-postimplant_task-ictal251098_run-00_events.tsv	81	PqByNN294vxIcqOJoRoQFcfhCjeyweXb3lUMTZtS6xM=
files/DATA/sub-HUP288/ses-postimplant/ieeg/sub-HUP288_ses-postimplant_task-ictal251098_run-00_ieeg.edf	106026432	tm+8sK7nB1qi198KguKZ4K7DsIVUjDsWJ5PoskrjrMA=
files/DATA/sub-HUP288/ses-postimplant/ieeg/sub-HUP288_ses-postimplant_task-ictal251098_run-00_ieeg.json	478	1b9w+a1CNbyqtu7YKK1KJFE/e+EWhLUJQCR2bwZhGCE=
files/DATA/sub-HUP288/ses-postimplant/ieeg/sub-HUP288_ses-postimplant_task-stim73007_run-00_channels.tsv	7491	vm92deVzFWyNM6Nxo2KJMnGiqpud5XHHcZoUsffJUEk=
files/DATA/sub-HUP288/ses-postimplant/ieeg/sub-HUP288_ses-postimplant_task-stim73007_run-00_events.json	767	2vBH7ECswiWjfbCbqn4+yeAdcBHZJ4T0Q5TD93w2QLM=
files/DATA/sub-HUP288/ses-postimplant/ieeg/sub-HUP288_ses-postimplant_task-stim73007_run-00_events.tsv	80	JLczOMDHRlZ5Dhlz4+6ZofGriqrQKp65PPLRjSguw4s=
files/DATA/sub-HUP288/ses-postimplant/ieeg/sub-HUP288_ses-postimplant_task-stim73007_run-00_ieeg.edf	104766016	eKQlX9Pd2gBbcClL8KxKx1EHxzhS4iFw7AvaTogGACw=
files/DATA/sub-HUP288/ses-postimplant/ieeg/sub-HUP288_ses-postimplant_task-stim73007_run-00_ieeg.json	476	C5vyegAz1mCJ3E6xo8Qc/j8AjQwOxanPVjsX2kwdm9k=
files/DATA/sub-HUP288/ses-postimplant/sub-HUP288_ses-postimplant_scans.tsv	157	uz1AFwJCiSYBDOtZ0Bz9bG0sVJJHO1ArpinLdYjAbS4=
files/DATA/annotations.json	4002	OCCJy29ZTvunYoVqpACWxQsQAH4CT77hBpktcQwX0Ok=
files/DATA/annotations.tsv	60683	x4GzAudtjSf3QCsqJmUv6ZBi+Db3l30MKIIpNFaLqCg=
files/DATA/dataset_description.json	2194	6qQNOV8S0BGs7dEOvmpt4JmGX1N+/oEWSDvktjYyvss=
files/DATA/participants.json	2553	HfWsKVpv19KMCQtZNaE9pvqCctFEMFtY8NlOQKlefNk=
files/DATA/participants.tsv	1544	xgMDpzwZSPyXp9yb2DCoQYIL3MClXf6wpcWeooJTlBQ=
files/DATA/README	707	bFL18JQhok7oCFxlBM8lQwWt/qcZ4AXKyFOh1Civ8HE=
banner.jpg	467684	
changelog.md	24	
manifest.json	216414	
readme.md	1043	
