name	x	y	z	size	surfmm_x	surfmm_y	surfmm_z	vox_x	vox_y	vox_z	roi	roiNum
RA01	15.7103	5.34111	-1.66836	n/a	16.0	13.0	-18.0	112	146	141	Right-Amygdala	54.0
RA02	20.3642	4.58016	-1.86959	n/a	20.0	12.0	-18.0	108	146	140	Right-Amygdala	54.0
RA03	25.4914	3.74183	-2.09128	n/a	25.0	11.0	-19.0	103	147	139	Right-Amygdala	54.0
RA04	30.6186	2.90349	-2.31297	n/a	31.0	11.0	-19.0	97	147	139	Right-Amygdala	54.0
RA05	35.3607	2.58193	-2.37216	n/a	35.0	10.0	-19.0	93	147	138	white-matter	n/a
RA06	40.4878	1.7436	-2.59385	n/a	40.0	9.0	-19.0	88	147	137	white-matter	n/a
RA07	45.6933	1.34626	-2.67308	n/a	46.0	9.0	-19.0	82	147	137	ctx-rh-superiortemporal	2030.0
RA08	50.3472	0.585311	-2.8743	n/a	50.0	8.0	-19.0	78	147	136	ctx-rh-middletemporal	2015.0
RA09	55.5527	0.187975	-2.95353	n/a	56.0	8.0	-19.0	72	147	136	ctx-rh-middletemporal	2015.0
RA10	60.671	-0.956323	-2.22322	n/a	61.0	7.0	-19.0	67	147	135	ctx-rh-middletemporal	2015.0
RA11	65.3348	-1.71888	-2.42487	n/a	65.0	6.0	-19.0	63	147	134	outside-brain	n/a
RA12	70.5419	-2.10684	-2.50107	n/a	71.0	6.0	-19.0	57	147	134	outside-brain	n/a
RB01	19.8477	-7.21629	-2.51441	n/a	20.0	1.0	-19.0	108	147	129	Right-Hippocampus	53.0
RB02	24.8878	-8.80158	-1.92656	n/a	25.0	-1.0	-18.0	103	146	127	Right-Hippocampus	53.0
RB03	29.4644	-10.3111	-1.31867	n/a	29.0	-3.0	-18.0	99	146	125	Right-Hippocampus	53.0
RB04	34.0401	-11.5131	-1.66236	n/a	34.0	-4.0	-18.0	94	146	124	white-matter	n/a
RB05	39.0002	-13.5487	-1.22	n/a	39.0	-6.0	-18.0	89	146	122	white-matter	n/a
RB06	43.6551	-14.6173	-0.469647	n/a	44.0	-7.0	-17.0	84	145	121	white-matter	n/a
RB07	48.6951	-16.2025	0.118204	n/a	49.0	-8.0	-16.0	79	144	120	ctx-rh-superiortemporal	2030.0
RB08	53.2603	-17.7198	0.723488	n/a	53.0	-10.0	-16.0	75	144	118	ctx-rh-middletemporal	2015.0
RB09	58.3003	-19.3051	1.31134	n/a	58.0	-12.0	-15.0	70	143	116	ctx-rh-middletemporal	2015.0
RB10	62.9552	-20.3737	2.06169	n/a	63.0	-13.0	-14.0	65	142	115	ctx-rh-middletemporal	2015.0
RB11	67.9953	-21.959	2.64954	n/a	68.0	-14.0	-14.0	60	142	114	ctx-rh-middletemporal	2015.0
RB12	72.6502	-23.0275	3.39989	n/a	73.0	-15.0	-13.0	55	141	113	outside-brain	n/a
RC01	19.3069	-17.4867	1.53268	n/a	19.0	-10.0	-15.0	109	143	118	Right-Hippocampus	53.0
RC02	23.7849	-19.7509	2.9475	n/a	24.0	-12.0	-14.0	104	142	116	Right-Hippocampus	53.0
RC03	28.3615	-21.2605	3.55539	n/a	28.0	-14.0	-13.0	100	141	114	Right-Hippocampus	53.0
RC04	32.8582	-23.2204	4.01779	n/a	33.0	-15.0	-12.0	95	140	113	outside-brain	n/a
RC05	37.3379	-25.4752	5.43564	n/a	37.0	-18.0	-11.0	91	139	110	white-matter	n/a
RC06	41.9129	-26.9941	6.0405	n/a	42.0	-19.0	-10.0	86	138	109	white-matter	n/a
RC07	46.4806	-28.8096	7.60039	n/a	46.0	-21.0	-9.0	82	137	107	ctx-rh-superiortemporal	2030.0
RC08	51.4326	-30.8343	8.04621	n/a	51.0	-23.0	-8.0	77	136	105	ctx-rh-superiortemporal	2030.0
RC09	55.6152	-32.133	9.7686	n/a	56.0	-24.0	-7.0	72	135	104	ctx-rh-superiortemporal	2030.0
RC10	60.1714	-33.9563	11.3259	n/a	60.0	-26.0	-5.0	68	133	102	ctx-rh-superiortemporal	2030.0
RC11	64.7392	-35.7718	12.8858	n/a	65.0	-28.0	-4.0	63	132	100	ctx-rh-superiortemporal	2030.0
RC12	69.8575	-36.9161	13.6161	n/a	70.0	-29.0	-3.0	58	131	99	ctx-rh-superiortemporal	2030.0
RF01	33.7962	-28.3551	-10.2288	n/a	34.0	-21.0	-27.0	94	155	107	ctx-rh-fusiform	2007.0
RF02	38.3728	-29.8647	-9.62088	n/a	38.0	-22.0	-26.0	90	154	106	ctx-rh-fusiform	2007.0
RF03	43.3231	-31.8987	-9.17809	n/a	43.0	-24.0	-26.0	85	154	104	ctx-rh-inferiortemporal	2009.0
RF04	47.9086	-33.1023	-9.52221	n/a	48.0	-25.0	-26.0	80	154	103	ctx-rh-inferiortemporal	2009.0
RF05	52.407	-35.0528	-9.05678	n/a	52.0	-27.0	-26.0	76	154	101	ctx-rh-inferiortemporal	2009.0
RF06	56.9721	-36.5701	-8.4515	n/a	57.0	-29.0	-25.0	71	153	99	ctx-rh-middletemporal	2015.0
RF07	61.9339	-38.5964	-8.00611	n/a	62.0	-31.0	-25.0	66	153	97	ctx-rh-middletemporal	2015.0
RF08	66.4306	-40.5563	-7.54371	n/a	66.0	-33.0	-24.0	62	152	95	ctx-rh-middletemporal	2015.0
RF09	71.4706	-42.1416	-6.95586	n/a	71.0	-34.0	-23.0	57	151	94	outside-brain	n/a
RF10	76.0473	-43.6511	-6.34797	n/a	76.0	-36.0	-23.0	52	151	92	outside-brain	n/a
RF11	80.6035	-45.4744	-4.79068	n/a	81.0	-38.0	-21.0	47	149	90	outside-brain	n/a
RF12	85.0236	-47.8659	-4.46772	n/a	85.0	-40.0	-21.0	43	149	88	outside-brain	n/a
RI01	29.3148	21.2629	-13.2313	n/a	29.0	29.0	-30.0	99	158	157	ctx-rh-temporalpole	2033.0
RI02	34.1279	21.0858	-12.193	n/a	34.0	29.0	-29.0	94	157	157	ctx-rh-temporalpole	2033.0
RI03	38.9294	20.9009	-11.1573	n/a	39.0	29.0	-28.0	89	156	157	ctx-rh-temporalpole	2033.0
RI04	43.7337	20.4178	-9.16695	n/a	44.0	28.0	-26.0	84	154	156	ctx-rh-middletemporal	2015.0
RI05	48.4669	19.7902	-8.27414	n/a	48.0	28.0	-25.0	80	153	156	ctx-rh-middletemporal	2015.0
RI06	53.2701	19.6147	-7.23541	n/a	53.0	27.0	-24.0	75	152	155	ctx-rh-middletemporal	2015.0
RI07	58.4667	18.9114	-6.36263	n/a	58.0	27.0	-23.0	70	151	155	outside-brain	n/a
RI08	63.2798	18.7343	-5.32433	n/a	63.0	26.0	-22.0	65	150	154	outside-brain	n/a
RI09	68.0814	18.5493	-4.28863	n/a	68.0	26.0	-21.0	60	149	154	outside-brain	n/a
RI10	73.3579	18.2964	-3.27037	n/a	73.0	26.0	-20.0	55	148	154	outside-brain	n/a
RO01	4.89836	-70.993	-7.39457	n/a	5.0	-63.0	-24.0	123	152	65	ctx-rh-lingual	2013.0
RO02	9.71047	-70.8626	-7.30785	n/a	10.0	-63.0	-24.0	118	152	65	ctx-rh-lingual	2013.0
RO03	14.9159	-71.26	-7.38708	n/a	15.0	-64.0	-24.0	113	152	64	ctx-rh-lateraloccipital	2011.0
RO04	19.7379	-71.1311	-7.30077	n/a	20.0	-63.0	-24.0	108	152	65	ctx-rh-lateraloccipital	2011.0
RO05	24.9433	-71.5285	-7.38	n/a	25.0	-64.0	-24.0	103	152	64	ctx-rh-lateraloccipital	2011.0
RO06	29.7555	-71.398	-7.29327	n/a	30.0	-64.0	-24.0	98	152	64	ctx-rh-lateraloccipital	2011.0
RO07	34.9609	-71.7954	-7.3725	n/a	35.0	-64.0	-24.0	93	152	64	ctx-rh-lateraloccipital	2011.0
RO08	39.7029	-72.1169	-7.43169	n/a	40.0	-64.0	-24.0	88	152	64	ctx-rh-lateraloccipital	2011.0
RO09	44.9084	-72.5143	-7.51092	n/a	45.0	-65.0	-24.0	83	152	63	ctx-rh-lateraloccipital	2011.0
RO10	50.1938	-72.4612	-7.44466	n/a	50.0	-65.0	-24.0	78	152	63	outside-brain	n/a
RO11	54.9358	-72.7828	-7.50385	n/a	55.0	-65.0	-24.0	73	152	63	outside-brain	n/a
RO12	59.7391	-72.9583	-6.46512	n/a	60.0	-65.0	-23.0	68	151	63	outside-brain	n/a
RP01	4.37847	-37.4858	20.1762	n/a	4.0	-30.0	4.0	124	124	98	white-matter	n/a
RP02	9.10178	-38.1117	21.0694	n/a	9.0	-30.0	5.0	119	123	98	white-matter	n/a
RP03	14.2984	-38.815	21.9422	n/a	14.0	-31.0	5.0	114	123	97	white-matter	n/a
RP04	18.9621	-39.5776	21.7405	n/a	19.0	-32.0	5.0	109	123	96	white-matter	n/a
RP05	24.2387	-39.8305	22.7588	n/a	24.0	-32.0	6.0	104	122	96	white-matter	n/a
RP06	28.8926	-40.5915	22.5576	n/a	29.0	-33.0	6.0	99	122	95	white-matter	n/a
RP07	33.704	-40.778	23.5929	n/a	34.0	-33.0	7.0	94	121	95	ctx-rh-supramarginal	2031.0
RP08	38.9023	-41.4719	24.4687	n/a	39.0	-34.0	8.0	89	120	94	white-matter	n/a
RP09	44.1771	-41.7342	25.4839	n/a	44.0	-34.0	9.0	84	119	94	ctx-rh-supramarginal	2031.0
RP10	48.9192	-42.0558	25.4247	n/a	49.0	-34.0	9.0	79	119	94	ctx-rh-supramarginal	2031.0
RP11	53.7224	-42.2313	26.4634	n/a	54.0	-34.0	10.0	74	118	94	ctx-rh-supramarginal	2031.0
RP12	58.5338	-42.4178	27.4987	n/a	59.0	-35.0	11.0	69	117	93	ctx-rh-superiortemporal	2030.0
RQ01	32.847	11.619	16.2651	n/a	33.0	19.0	0.0	95	128	147	ctx-rh-insula	2035.0
RQ02	36.5553	12.8229	19.8378	n/a	37.0	21.0	3.0	91	125	149	ctx-rh-insula	2035.0
RQ03	40.187	13.5951	23.2711	n/a	40.0	21.0	7.0	88	121	149	ctx-rh-insula	2035.0
RQ04	43.9042	15.1049	25.8918	n/a	44.0	23.0	9.0	84	119	151	ctx-rh-parstriangularis	2020.0
RQ05	47.1409	16.3955	29.488	n/a	47.0	24.0	13.0	81	115	152	ctx-rh-parstriangularis	2020.0
RQ06	51.3126	17.5236	33.0406	n/a	51.0	25.0	17.0	77	111	153	ctx-rh-parstriangularis	2020.0
RQ07	54.4898	18.6776	35.5419	n/a	54.0	26.0	19.0	74	109	154	ctx-rh-parstriangularis	2020.0
RQ08	58.1981	19.8814	39.1146	n/a	58.0	28.0	23.0	70	105	156	outside-brain	n/a
RQ09	61.3566	20.731	42.5683	n/a	61.0	28.0	26.0	67	102	156	outside-brain	n/a
RQ10	65.0649	21.9349	46.141	n/a	65.0	30.0	30.0	63	98	158	outside-brain	n/a
RQ11	68.7749	23.1481	49.7167	n/a	69.0	31.0	33.0	59	95	159	outside-brain	n/a
RQ12	72.3267	23.47	53.0045	n/a	72.0	31.0	37.0	56	91	159	outside-brain	n/a
RT01	36.0684	6.56967	-1.08395	n/a	36.0	14.0	-18.0	92	146	142	white-matter	n/a
RT02	41.2755	6.18172	-1.16014	n/a	41.0	14.0	-18.0	87	146	142	white-matter	n/a
RT03	46.0859	6.30277	-1.07645	n/a	46.0	14.0	-18.0	82	146	142	ctx-rh-superiortemporal	2030.0
RT04	50.9168	6.73755	-1.94215	n/a	51.0	14.0	-18.0	77	146	142	ctx-rh-superiortemporal	2030.0
RT05	56.2005	6.78121	-1.87891	n/a	56.0	15.0	-18.0	72	146	143	ctx-rh-middletemporal	2015.0
RT06	61.0313	7.21599	-2.74461	n/a	61.0	15.0	-19.0	67	147	143	ctx-rh-middletemporal	2015.0
RT07	66.2269	6.82027	-2.82342	n/a	66.0	15.0	-19.0	62	147	143	outside-brain	n/a
RT08	71.0489	6.94909	-2.73712	n/a	71.0	15.0	-19.0	57	147	143	outside-brain	n/a
RT09	76.2544	6.55175	-2.81634	n/a	76.0	14.0	-19.0	52	147	142	outside-brain	n/a
RT10	81.0835	6.97715	-3.68508	n/a	81.0	15.0	-20.0	47	148	143	outside-brain	n/a
RT11	76.2544	6.55175	-2.81634	n/a	76.0	14.0	-19.0	52	147	142	outside-brain	n/a
RT12	76.2544	6.55175	-2.81634	n/a	76.0	14.0	-19.0	52	147	142	outside-brain	n/a
RV01	-0.711991	-77.7414	10.3423	n/a	-1.0	-70.0	-6.0	129	134	58	ctx-rh-cuneus	2005.0
RV02	3.94192	-78.5024	10.141	n/a	4.0	-71.0	-6.0	124	134	57	ctx-rh-pericalcarine	2021.0
RV03	9.21844	-78.7553	11.1593	n/a	9.0	-71.0	-5.0	119	133	57	white-matter	n/a
RV04	14.415	-79.4586	12.0321	n/a	14.0	-72.0	-4.0	114	132	56	white-matter	n/a
RV05	19.0788	-80.2211	11.8304	n/a	19.0	-72.0	-5.0	109	133	56	ctx-rh-lateraloccipital	2011.0
RV06	23.8919	-80.3983	12.8687	n/a	24.0	-73.0	-4.0	104	132	55	ctx-rh-lateraloccipital	2011.0
RV07	29.0786	-81.1	13.7419	n/a	29.0	-73.0	-3.0	99	131	55	ctx-rh-lateraloccipital	2011.0
RV08	33.8207	-81.4215	13.6827	n/a	34.0	-74.0	-3.0	94	131	54	ctx-rh-inferiorparietal	2008.0
RV09	39.0972	-81.6744	14.701	n/a	39.0	-74.0	-2.0	89	130	54	ctx-rh-inferiorparietal	2008.0
RV10	43.9886	-81.4106	15.8818	n/a	44.0	-74.0	-1.0	84	129	54	outside-brain	n/a
RV11	48.6336	-82.4775	16.6326	n/a	49.0	-75.0	0.0	79	128	53	outside-brain	n/a
RV12	53.8391	-82.8748	16.5533	n/a	54.0	-75.0	0.0	74	128	53	outside-brain	n/a
